"Task_ID","Date_Requested","Requested_By","Target_Role","Module_Section","Specification_Task","Implementation_Status","Git_Commit","Git_Branch","Verified_By","Implementation_Remarks"
"REV-001","2026-08-27","HonTech QA & Capstone Team","Assistant & SA","Master Queue","Move modules to the second level, under 'Online Booking Form'","Done","5711609","branch2-Security-Account-Recovery","Antigravity QA","Updated buildNavbar for Assistant role to place Online Booking 1st and Master Queue 2nd in sidebar hierarchy."
"REV-002","2026-08-27","HonTech QA & Capstone Team","Assistant & SA","Customer History and Back-Job Lookup","Fix branch name display (e.g., 'Makati Branch' / 'Regalado' - pangalan is cut off)","Done","5711609","branch2-Security-Account-Recovery","Antigravity QA","Replaced outdated branch references with 'Regalado Branch' and added responsive badge classes to prevent text truncation."
"REV-003","2026-08-27","HonTech QA & Capstone Team","Assistant & SA","Customer History and Back-Job Lookup","Clarify/remove 'Clear' button ('Ano ang purpose ng clear? Diba pag pinalitan talaga mawawala')","Done","5711609","branch2-Security-Account-Recovery","Antigravity QA","Connected to clearCustomerLookupSearch() to provide 1-click search and filter reset back to the full customer list."
"REV-004","2026-08-27","HonTech QA & Capstone Team","Assistant & SA","Customer History and Back-Job Lookup","Move under 'Fast Intake Dispatch'","Done","5711609","branch2-Security-Account-Recovery","Antigravity QA","Embedded Fast Intake Dispatch action card directly inside the active Customer Dossier view."
"REV-005","2026-08-27","HonTech QA & Capstone Team","Assistant & SA","Back-Job (Warranty)","Remove the word 'warranty' (It is the company's decision if it's free/covered or not)","Done","5711609","branch2-Security-Account-Recovery","Antigravity QA","Renamed button to 'Back-Job Return Intake' to reflect company discretionary warranty and cost evaluation upon bay inspection."
"REV-006","2026-08-27","HonTech QA & Capstone Team","Assistant & SA","Back-Job (Warranty)","Change button behavior: Pressing it should not go directly to 'Online Booking Form'. It must ask for 'Reasons' first.","Done","5711609","branch2-Security-Account-Recovery","Antigravity QA","Button now triggers #modal-backjob-reason first to capture customer complaint, category, and odometer before form dispatch."
"REV-007","2026-08-27","HonTech QA & Capstone Team","SA","Customer History & Back-Jobs","Apply the exact same revisions as the Assistant role","Done","5711609","branch2-Security-Account-Recovery","Antigravity QA","Customer Lookup and Back-Job intake workflow are shared identically across Assistant and Service Advisor roles."
"REV-008","2026-08-27","HonTech QA & Capstone Team","SA","Bay Status (Capacity Configuration)","Current setup is okay, but add a setting allowing them to add more than 20 bays in the future.","Done","5711609","branch2-Security-Account-Recovery","Antigravity QA","Implemented promptCustomBayCount() and flexible capacity scaling supporting 2 to 50 active service bays."
"REV-009","2026-08-27","HonTech QA & Capstone Team","SA","Daily Intakes","SA should be the one to claim the vehicle (Note marked as 'goods na' / Done)","Done","5711609","branch2-Security-Account-Recovery","Antigravity QA","Added 'Assign to Me' single-owner claim with ticket takeover handover dialog (#modal-ticket-takeover) for absent advisors."
"REV-010","2026-08-27","HonTech QA & Capstone Team","Administrator","Bay Capacity","When Admin adjusts capacity, the SA should not be able to change the active bays.","Done","5711609","branch2-Security-Account-Recovery","Antigravity QA","Capacity configuration card is hidden for SAs with strict RBAC guards preventing non-admin adjustments."
"REV-011","2026-08-27","HonTech QA & Capstone Team","Administrator","Bay Capacity","Allow editing to whatever number of bays the company decides.","Done","5711609","branch2-Security-Account-Recovery","Antigravity QA","Admin has unrestricted control to configure capacity from 2 up to 50 bays via presets and custom dialog."
"REV-012","2026-08-27","HonTech QA & Capstone Team","Owner","Capacity Configuration","Remove ability to change capacity. Owner should only have 'View Only' access for this.","Done","5711609","branch2-Security-Account-Recovery","Antigravity QA","Capacity sliders are hidden for Owner; Owner sees a 100% read-only workshop floor grid."
"REV-013","2026-08-27","HonTech QA & Capstone Team","Owner","Customer Lookup","Remove Customer Lookup from Owner. They should only receive data (Analytics only).","Done","5711609","branch2-Security-Account-Recovery","Antigravity QA","Removed Customer Lookup from Owner navigation sidebar."
"REV-014","2026-08-27","HonTech QA & Capstone Team","Owner","Analytics","Add Customer Data Backjobs to Analytics.","Done","5711609","branch2-Security-Account-Recovery","Antigravity QA","Integrated Customer Back-Job Return Intelligence tab with return rates, root causes, and repeat repair audit table in Owner Analytics."
"REV-015","2026-08-28","HonTech QA & Capstone Team","SA & Assistant","Daily Intakes / Workshop Bays","Lock Bay selection while status is 'Waiting'; unlock Bay assignment only when status is 'Monitoring'.","Done","18eb781","branch2-Security-Account-Recovery","Antigravity QA","Locked location/bay dropdown when status is Waiting (displays Waiting Area lock badge). Transitioning to Monitoring unlocks bay allocation. Rollback to Waiting auto-resets bay to Waiting Area."
"REV-016","2026-08-28","HonTech QA & Capstone Team","SA & Admin","Workshop Capacity & Bay Management","Upgrade bay status cards with live status badges (Monitoring/In Progress/Ready), smart plate deep-linking to Daily Intakes, and clean unassign flow.","Done","1e785f9","branch2-Security-Account-Recovery","Antigravity QA","Replaced static IN SERVICE badge with dynamic status badges. Added jumpToJobRecord(plate) to View Record button and unassignBay helper with live floor synchronization."
"REV-017","2026-08-28","HonTech QA & Capstone Team","Admin & SA","Workshop Capacity & Bay Settings","Clarify Administrator Max Bay Ceiling in Settings vs Service Advisor (SA) floor bay scaling on live floor.","Done","Pending","branch2-Security-Account-Recovery","Antigravity QA","Admin sets facility max bay ceiling (10 to 50 bays) in Settings. Service Advisor operates active floor bay scaling (2 to Admin ceiling) on the live workshop floor. Owner is 100% view-only."
"REV-018","2026-08-30","HonTech QA & Capstone Team","All Roles & TV Display","TV Monitor & Workshop Audio","Implement Automated TV Voice Announcement System (Web Speech API) and TV Developer Toolbox Simulation Deck.","Done","Pending","branch2-Security-Account-Recovery","Antigravity QA","Integrated client-side Web Speech Synthesis that plays airport-style chime and announces customer name, plate number, and assigned bay when vehicles are moved to Monitoring or Ready. Preserved clean public TV header and placed all simulation controls inside a discrete TV Developer Toolbox modal."
"REV-019","2026-09-05","HonTech QA & Capstone Team","Owner & Admin","Executive Analytics & Audit","Add Centralized 'Audit Logs & Handovers' Module to Executive Analytics Dashboard with CSV Export.","Done","d384716","branch2-Security-Account-Recovery","Antigravity QA","Added 6th executive dashboard sub-tab (#db-tab-audits) with live telemetry cards (total events, takeovers, delay reasons), real-time action filtering, searchable log records, and 1-click CSV export."
"REV-020","2026-09-05","HonTech QA & Capstone Team","Owner & Admin","Operational Reports & Express Delays","Streamline Category Intakes to 4 core types (PMS, GRS, PMS & GRS, Others), remove planned/variance/peak-hour metrics, and simplify Express Delays module into clean direct insights draft.","Done","c945d9d","branch2-Security-Account-Recovery","Antigravity QA","Refactored db-tab-reports to strictly 4 categories without target plan or variance numbers; removed 4 legacy top cards and peak hour capacity; simplified db-tab-express into a clean 4-stat metric strip, 2-column cause breakdown & diagnostic insights deck, and overrun incident log."
"REV-021","2026-09-05","HonTech QA & Capstone Team","Owner & Admin","QC & Back-Jobs & Express Delays","Fix blank screen on QC & Back-Jobs tab and streamline SA Delay Reports Table without duplicate DOM elements.","Done","9e708d0","branch2-Security-Account-Recovery","Antigravity QA","Fixed stray duplicate table tags and unclosed wrappers in index.html that caused db-tab-backjobs to break; enhanced renderBackJobIntelligenceModule with robust multi-layer fallback to allJobs and analyticsJobs; auto-loads on tab switch if dataset is pending."
"REV-022","2026-09-05","HonTech QA & Capstone Team","Owner & Admin","Audit Logs & Handovers","Fix runtime exception on Audit Logs and Handovers tab caused by undefined escapeHtml and duplicate formatFieldName.","Done","4ecae8b","branch2-Security-Account-Recovery","Antigravity QA","Defined global escapeHtml and formatFieldName helpers at the top of app.js; removed duplicate function declaration; bumped script cache buster to v=5.01."
"REV-023","2026-09-05","HonTech QA & Capstone Team","All Roles","Account Profile & System-wide Identity","Make user identity display shared full names across navbar, dropdown, and job logs; add dynamic Edit Full Name capability in Account Settings.","Done","3025f03","branch2-Security-Account-Recovery","Antigravity QA","Updated database seed users to proper full names (e.g. Mark Bautista, Adrian Mendoza, Engr. Antonio Honrado); added PUT /api/auth/profile/name endpoint; added Edit Full Name modal and real-time synchronization across top header, sidebar, profile dropdown, and Account Settings cards."
"REV-024","2026-09-06","HonTech QA & Capstone Team","All Roles & TV Display","Status Workflow, TV Announcements & Dev Tools","Streamline status workflow (Waiting -> Monitoring, remove bay restrictions, preserve Monitoring on Waiting Area select, purge In Progress), implement customer-mention TV banners and voice announcements for 5 operational events, and provide dedicated TV module Developer Tools.","Done","Pending","branch2-Security-Account-Recovery","Antigravity QA","Eliminated In Progress from backend controllers, seeds, and frontend views. Status now defaults to Waiting and transitions to Monitoring, where bays can be assigned freely or set to Waiting Area while remaining in Monitoring. Upgraded TV notification banner and Web Speech announcements to explicitly announce customer name, vehicle, and plate across Monitoring, Bay Allocation, Ready to Release, Carry Over, and Return to Active. Added collapsible TV Developer Simulation Drawer directly on the TV Module and inside the Ctrl+D Dev Toolbox."
"REV-025","2026-09-06","HonTech QA & Capstone Team","All Roles & TV Display","TV UI & Selection Cards Design Polish","Elevate the 5 event selection controls and TV Alert HUD banner into a human-crafted, professional automotive dealership design standard.","Done","Pending","branch2-Security-Account-Recovery","Antigravity QA","Redesigned the 5 selection cards in the TV Dev Drawer and Ctrl+D Developer Toolbox with dark slate telemetry styling, monospace step indicators, status-themed icon badges, and concise enterprise subtitles. Replaced bouncy gradient alert banners with an authentic Philippine license plate HUD broadcast banner featuring animated audio equalizer bars, customer callouts, and location metadata pills."
"REV-033","2026-09-06","HonTech QA & Capstone Team","All Roles & TV Display","Daily Intakes Live Status & Location Announcements","Connect Daily Intakes table status dropdowns, bay location selectors, and carryover modals directly to audio chimes, voice speech TTS, and the Red-White-Red TV alert plaque.","Done","Pending","branch2-Security-Account-Recovery","Antigravity QA","Wired updateJobField location changes, setJobStatus transitions (Monitoring, Ready, Carry Over, Return Active), and submitCarryoverDetails to automatically trigger Web Speech voice announcements and the on-screen Red-White-Red TV notification plaque with specific vehicle model and plate details."
"REV-034","2026-09-07","HonTech QA & Capstone Team","SA & Assistant","Daily Intakes & Lane Selection","Fix Service Advisor lane selection reverting to default in Daily Intakes and Intake forms.","Done","Pending","branch2-Security-Account-Recovery","Antigravity QA","Directly connected Daily Intakes lane selector to handleTableLaneChange and updateJobField without blocking audit prompt; added full-spectrum normalizeLaneType mapping across backend normalization, createJob, updateJobField, and frontend table rendering to persist Express, Flexible, Special, and Priority lanes reliably."
"REV-035","2026-09-07","HonTech QA & Capstone Team","SA & Assistant","Daily Intakes & Carry-Over Restoration","Fix ReferenceError on isMonitoringOrActive blocking Daily Intakes and Carry-Over table rendering; remove redundant Search Customer / Back-Job button from Daily Intakes container.","Done","Pending","branch2-Security-Account-Recovery","Antigravity QA","Corrected variable reference in renderStaffTables location column to isMonitoring, restoring live records display across Daily Intakes and Carry-Over; removed extraneous Search Customer / Back-Job button from the Daily Intakes card header."
"REV-036","2026-09-07","HonTech QA & Capstone Team","All Roles (SA, Asst, Owner, Admin)","Carry-Over Board DOM Fix, Data Recovery & Alignment","Fix missing closing div tag in Daily Intakes header that nested Carry-Over container inside Daily Intakes causing innerHTML to wipe it out; recover 3 active Carry-Over records in seed; align 10 table columns with Service Advisor badge.","Done","Pending","branch2-Security-Account-Recovery","Antigravity QA","Corrected unclosed flex div in index.html line 2885, restoring container-carry-over as an independent sibling card in section-queue; added carry_over_status to seed schema and populated WLK-2003, WLK-2025, WLK-2026; added Service Advisor cell in app.js table-carry-over template; bumped script cache version to v=5.26."
"REV-037","2026-09-07","HonTech QA & Capstone Team","All Roles (SA, Asst, Owner, Admin)","Daily Intakes Expanded Rows & Increased Table Scroll Height","Populated 8 additional active vehicle intake records with diverse SAs, lanes, and statuses in database seed; increased Daily Intakes table scroll area from 420px to 580px to display more concurrent rows comfortably.","Done","Pending","branch2-Security-Account-Recovery","Antigravity QA","Added 8 realistic active intake vehicles (WLK-2027 through WLK-2034) across PMS, GRS, and Others with realistic evaluations, arrival times, and workshop bays; increased table container max-h from 420px to 580px in app.js and index.html; bumped script version to v=5.27."
"REV-038","2026-09-07","HonTech QA & Capstone Team","All Roles (Owner, Admin, SA, Assistant)","Owner & Admin Workshop Bay Capacity Authority Enforcement","Enforce Owner and Administrator authority to configure the active workshop/TV bay capacity; bind Service Advisors (SAs) strictly to the configured bay limit (1 to N) in Daily Intakes Monitoring bay allocation.","Done","Pending","branch2-Security-Account-Recovery","Antigravity QA","Restricted capacity configuration controls (steppers, dropdowns, presets, custom ceiling) in section-bays strictly to Owner and Administrator; added read-only Authority Bay Limit card for SAs; bounded Daily Intakes Monitoring Location dropdown dynamically to exactly Bay 1 through Bay N configured by Owner/Admin; updated TV monitor grid and bumped script version to v=5.28."
"REV-039","2026-09-07","HonTech QA & Capstone Team","Service Advisor, Owner, Admin","Service Advisor Bay Operating Rules Board & Hard Boundary Enforcement","Display comprehensive Workshop Bay Operating Rules & Policy Board for SAs in Bay Status and Daily Intakes header; enforce strict server/client boundary ensuring SAs can only choose from bays set by Owner/Admin.","Done","Pending","branch2-Security-Account-Recovery","Antigravity QA","Added 4-rule Workshop Bay Operating Rules & Policy Board in section-bays for SAs (Capacity Ceiling, SA Boundary, Daily Intakes Sync, Live TV Broadcast); added Authorized Bay Rule indicator pill to Daily Intakes header; added hard location validation in updateJobField and openBayAllocationModal preventing selection outside active bays; bumped script version to v=5.29."
"REV-040","2026-09-07","HonTech QA & Capstone Team","Service Advisor, Owner, Admin","SA Daily Active Bay Selection Capability within Owner/Admin Ceiling","Empower Service Advisors to choose the active workshop bay count for today (1 to N) on the module while strictly respecting and enforcing the facility ceiling set by the Owner/Admin.","Done","Pending","branch2-Security-Account-Recovery","Antigravity QA","Granted SAs active access to capacity controls (stepper, dropdown, quick presets, custom prompt) in section-bays; bounded all SA scaling options strictly to the Owner/Admin facility ceiling; updated Daily Intakes header and Location dropdowns to follow the SA's daily active choice; bumped script version to v=5.30."
"REV-041","2026-09-07","HonTech QA & Capstone Team","Owner, Admin, Service Advisor","Admin Full Capacity Config vs SA Single Selection Bar UI Separation","Differentiate Workshop Bay Management UI between Admin/Owner (full Floor Capacity Configuration with quick presets chips 2-20 bays and custom ceiling prompt) and Service Advisor (streamlined single Total Active Bays selection bar with stepper and dropdown 1 to N bounded by Admin).","Done","Pending","branch2-Security-Account-Recovery","Antigravity QA","Created #bays-admin-control-card with full preset chips and ceiling tools for Owner/Admin, and #bays-sa-control-card with clean Total Active Bays selection bar for SA; synced buildNavbar RBAC and initWorkshopBaySettings to handle both controls; bumped script version to v=5.31."
"REV-042","2026-09-07","HonTech QA & Capstone Team","Service Advisor, Admin, Owner","Relocate Authorized Bay Rule Pill to Bay Status Module","Remove the Authorized Bay Rule pill from the Daily Intakes table header to keep Daily Intakes focused strictly on vehicle queue rows, and position the Authorized Bay Rule badge directly inside the SA's Bay Status module control card.","Done","Pending","branch2-Security-Account-Recovery","Antigravity QA","Purged Authorized Bay Rule pill from renderStaffTables dailyIntakesEl header; added dynamic #sa-bays-rule-pill-range and #sa-bays-rule-pill-ceiling inside #bays-sa-control-card in section-bays; updated initWorkshopBaySettings; bumped script cache version to v=5.32."
"REV-043","2026-09-07","HonTech QA & Capstone Team","Service Advisor, Admin, Owner","Purge Authorized Bay Rule Badge & Enable Visible SA Active Bay Selection Bar","Completely remove the Authorized Bay Rule badge from UI; fix hidden state and ensure #bays-sa-control-card is cleanly visible and functional for Service Advisors in Bay Status with steppers and 1 to N dropdown bounded by Admin/Owner ceiling.","Done","Pending","branch2-Security-Account-Recovery","Antigravity QA","Purged Authorized Bay Rule badge and #bays-sa-readonly-card completely; removed hardcoded hidden class from #bays-sa-control-card; added updateBayControlsVisibility to reliably toggle #bays-admin-control-card vs #bays-sa-control-card across buildNavbar, initWorkshopBaySettings, renderWorkshopBaysModule, and showSection; bumped script cache version to v=5.33."
"REV-044","2026-09-07","HonTech QA & Capstone Team","Owner, Admin, Service Advisor","Admin/Owner Facility Ceiling Rule Sync & SA 1-to-N Dynamic Bound Enforcement","Ensure Admin/Owner capacity selections dynamically set the facility ceiling rule (e.g. 6 bays), strictly bounding the SA's active bay selection to 1 through that ceiling (1-6 bays), with SA able to freely choose operational count within that bound without altering Admin's ceiling.","Done","Pending","branch2-Security-Account-Recovery","Antigravity QA","Updated handleWorkshopBayCountChange and setFacilityMaxBayLimit so Admin/Owner choices establish the facility ceiling (stored in hontech_max_bay_limit and defaulting to 6) while SA choices adjust hontech_workshop_bay_count bounded strictly 1 to N; updated Admin preset chips and dropdown to allow full ceiling control; updated SA dropdown and steppers to dynamically bind to ceiling; bumped script cache version to v=5.34."
"REV-045","2026-09-10","HonTech QA & Capstone Team","Service Advisor, Admin, Owner","Excel-Style Multi-Sheet Tabs & Form 2/3 Quotation Studio","Implement Excel-style workbook bottom tab bar to switch seamlessly between Form 1/3 (Job Order) and Form 2/3 (Quotation) with 100% physical template replication, 30-row parts/labor matrix, BIR 12% VAT engine, shared customer dossier sync, and isolated single-page print engine.","Done","Pending","prototype_process","Antigravity QA","Added #form-sheet-tab-bar inside section-form13; built Form 2/3 smart editor and 1:1 physical quotation canvas matching official client template with 30-row matrix and 4 Terms & Conditions; integrated shared dossier sync between Form 1/3 and 2/3; bumped script cache version to v=5.47."
"REV-046","2026-09-10","HonTech QA & Capstone Team","Service Advisor, Admin, Owner","Excel Workbook Sheet Tab Bar Full-Width UI Overhaul & DOM Repair","Resolve squished vertical tab button rendering by fixing unclosed 12-column grid in Form 1/3 DOM; redesign #form-sheet-tab-bar to full-width (1519px) responsive layout with whitespace-nowrap, horizontal scroll controls, jump select, and active/inactive sheet transitions.","Done","Pending","prototype_process","Antigravity QA","Fixed unclosed div hierarchy in section-form13; redesigned Excel workbook tab bar with full-width dark slate container, scroll navigation arrows, Sheet 1/2/3 tabs with whitespace-nowrap, live dossier tag, and fast-jump dropdown; upgraded switchFormStudioSheet; bumped script cache version to v=5.48."
"REV-047","2026-09-10","HonTech QA & Capstone Team","Service Advisor, Admin, Owner","100% Google Sheets Bottom Sheet Tab Bar Replication","Replicate client's authentic shop operations spreadsheet bottom tab bar: plus button, all sheets hamburger menu with popover, vertical separator, 12 authentic shop sheets (Job_Order, Sheet2, Sheet1, QUOTE, BILLING [active Google blue #e8f0fe], BILLING 2, CHECKLIST, CASH AD, OEF, Acknowledgement, LIQUIDATION, Daily Summary) with carets and horizontal scroll arrows.","Done","Pending","prototype_process","Antigravity QA","Replaced dark slate container with authentic Google Sheets bottom tab bar; wired allFormWorkbookSheets registry; built toggleAllSheetsMenu and handleCustomSheetClick; bumped script cache version to v=5.49."
"REV-048","2026-09-10","HonTech QA & Capstone Team","Service Advisor, Admin, Owner","Purge Temporary Sheets (Sheet1, Sheet2, BILLING 2) from Workbook Bar","Remove temporary placeholder sheets Sheet1, Sheet2, and BILLING 2 per client instruction, keeping only the 9 authentic selected operational sheets (Job_Order, QUOTE, BILLING, CHECKLIST, CASH AD, OEF, Acknowledgement, LIQUIDATION, Daily Summary).","Done","Pending","prototype_process","Antigravity QA","Removed Sheet1, Sheet2, and BILLING 2 from index.html and allFormWorkbookSheets array; updated all-sheets dropdown counter to 9; bumped script cache version to v=5.50."
"REV-049","2026-09-10","HonTech QA & Capstone Team","Service Advisor, Admin, Owner","Form 3/3 Billing Studio (35-Row Matrix & 12% BIR VAT Engine)","Implement Form 3/3 Official Billing & Cashier Invoice Studio replicating official physical document template; 35-row matrix with authentic 0.00 zero-suppression on empty rows; BIR 12% VAT engine; 1-click Copy from Quote import; 3-way shared customer & vehicle dossier sync across Forms 1, 2, and 3; isolated single-page iframe print engine; integrated into Google Sheets bottom workbook bar under BILLING tab.","Done","Pending","prototype_process","Antigravity QA","Built #view-sheet-billing with left SA smart editor and right 1:1 physical sheet; implemented 35-row matrix, 12% VAT calculations, copyQuoteToBilling, syncDossierToForm33, printForm33, and switchFormStudioSheet; bumped script cache version to v=5.51."
"REV-050","2026-09-10","HonTech QA & Capstone Team","Service Advisor, Admin, Owner","Form 4 Multi-Point Vehicle Intake Inspection Checklist Studio (CHECKLIST RESULT)","Implement Form 4 Multi-Point Vehicle Intake Inspection Checklist Studio replicating the shop's physical inspection sheet; 3-tier rating engine (Green/Yellow/Red) with quick presets; 4 categories (Interior/Exterior, Battery Performance with ED-18 reference, Under Hood, Under Vehicle); Tire tread depth & inflation PSI inputs; Brake pad thickness & exemption toggle; Interactive 4-view vehicle damage diagram mapper; 1:1 physical sheet canvas; 4-way dossier sync with Form 1/3, 2/3, and 3/3; isolated single-page iframe print engine; integrated into Google Sheets bottom tab bar under CHECKLIST tab.","Done","Pending","prototype_process","Antigravity QA","Built #view-sheet-checklist split studio with smart editor and 1:1 physical canvas matching uploaded template; implemented 3-tier rating toggles, damage pin mapper, tire/brake matrix, syncDossierToChecklist, printChecklist, and switchFormStudioSheet; bumped script cache version to v=5.52."
"REV-051","2026-09-10","HonTech QA & Capstone Team","Service Advisor, Admin, Owner","Form 5 Cash Advance Voucher & Ledger Studio (CASH ADVANCE)","Implement Form 5 Cash Advance Voucher & Ledger Studio replicating official physical document template; 30-row ledger matrix with subheaders (CASH ISSUED: Date, By; AMOUNT: Rec'd, Carried Over, Total; Expenses Incurred; Balance/Cash On Hand; Remarks); running cumulative balance engine; Page 2 auditing reminders box; signatory matrix (Received By, Issued By, Approved/Audited By); isolated single-page A4 print engine; integrated into Google Sheets bottom workbook bar under CASH AD tab.","Done","Pending","prototype_process","Antigravity QA","Built #view-sheet-cashad split studio with smart voucher editor and 1:1 physical ledger canvas; implemented cumulative running balance calculations, loadSampleCashAdvance, resetCashAdvanceForm, printCashAdvance, and switchFormStudioSheet; bumped script cache version to v=5.53."
"REV-052","2026-09-10","HonTech QA & Capstone Team","Service Advisor, Admin, Owner","Main Content DOM Hierarchy Repair & Multi-Sheet Custom Studio Engine (OEF, Acknowledgement, LIQUIDATION, Daily Summary)","Repair unclosed div hierarchy in section-form13 preventing subsequent sections (section-intake through section-support) from being ejected from #main-content into BODY; build universal interactive Custom Sheet Studio & 1:1 physical sheet document canvas for remaining Google Sheets tabs (OEF, Acknowledgement, LIQUIDATION, Daily Summary); wire CASH AD to switchFormStudioSheet; enable dynamic row additions, sample loading, inline cell edits, real-time KPI calculations, and single-page A4 print engine.","Done","Pending","prototype_process","Antigravity QA","Restored strict DOM balance (opens=closes) across all 11 navigation modules in #main-content; created #view-sheet-custom with left editor pane and right 1:1 physical document canvas; implemented customSheetDataStore with tailored schemas and realistic records for OEF, Acknowledgement, LIQUIDATION, and Daily Summary; updated handleCustomSheetClick, renderCustomSheet, syncCustomSheetCanvas, handleCustomSheetRowInput, addCustomSheetRow, removeCustomSheetRow, loadCustomSheetSample, and printCustomSheet; bumped script cache version to v=5.54."
"REV-053","2026-09-14","HonTech QA & Capstone Team","Service Advisor, Assistant, Owner, Admin","Queue Calendar Date Filtering, Next-Day Auto-Reset & Historical Recall across 3 Tables","Model after prototype_skipped.html staff module to introduce calendar-based filtering across Online Booking Queue, Daily Intakes Master Queue, and Carry-Over Board; auto-clear previous day intake records when advancing to tomorrow; enable instant historical recall for past dates with diagnoses, arrival, and departure; preserve unresolved carry-over vehicles with All Active, Promised Date, and Intake Date modes.","Done","7e1c0b3","prototype_process","Antigravity QA","Added #online-date-filter, Intake Calendar Toolbar with day steppers and Show All Dates, and 3-mode Carry-Over filter toolbar; updated renderStaffTables with getJobDate normalization and date filtering; bumped script cache version to v=5.55."
"REV-054","2026-09-14","HonTech QA & Capstone Team","All Roles & Developer","Developer Testing Console Relocation to Ctrl+D Developer Toolbox & UI Redesign","Relocate Queue Date Time Machine simulation controls from permanent on-screen clutter in section-queue into the Ctrl+D Developer Toolbox modal; redesign modal UI with max-w-3xl, high-contrast steppers (-1 Day, Today, +1 Day, Jump Date), 1-click multi-day test dataset generator, purge tool, and live telemetry counter cards; add smart alert banner in section-queue that appears only during active simulation.","Done","2164b79","prototype_process","Antigravity QA","Integrated Queue Date Time Machine category into #dev-toolbox-modal (Ctrl+D); added #dev-sim-active-banner in section-queue; updated HontechDevDateSimulator and updateDevSimulationTelemetry; bumped script cache version to v=5.56."
"REV-055","2026-09-14","HonTech QA & Capstone Team","Development & Architecture","Google Auth, Supabase & Vercel Cloud Migration Documentation","Document organized cross-repository integration workflow and architectural rules for Google OAuth, Supabase database schemas, and Vercel serverless deployment aligned with CapstoneOfficial2_Part3_Hontech_Cloud_GoogleAuth_Production.","Done","2164b79","prototype_process","Antigravity QA","Authored comprehensive architectural guides and added .agents/skills/hontech-vercel-supabase/SKILL.md to standardize cloud deployment."
"REV-056","2026-09-14","HonTech QA & Capstone Team","Service Advisor, Assistant, Owner, Admin","Wireless Smart TV Monitor via Direct Link & PIN Authentication","Make TV Monitor accessible to actual Smart TVs wirelessly without HDMI cables; enable SA/Staff to activate/deactivate broadcast session from Staff TV Broadcast Hub modal; generate active link, 4-digit PIN, 1-click auto-login link (?pin=XXXX), and dynamic QR code; build standalone TV kiosk app (tv.html) with PIN lock screen, standby screen with auto-wakeup, and active 3-slide cinema monitor with live 6s data polling and voice audio alerts.","Done","a98bdfa","prototype_process","Antigravity QA","Created standalone kiosk app frontend/tv.html with on-screen numeric keypad and standby auto-polling; added TV routes in router.php; added backend/tv_session.json and REST endpoints GET /tv/session, POST /tv/session, POST /tv/verify-pin in backend/index.php; added Staff TV Broadcast Hub modal (#modal-tv-broadcast-hub) and HontechTVBroadcastManager in app.js; bumped cache version to v=5.57."
"REV-057","2026-09-14","HonTech QA & Capstone Team","All Roles (Owner, Admin, SA, Assistant)","TV Monitor Direct Launch & Control Hub Navigation Integration","Wire TV Monitor navigation buttons across all 4 roles to launch the new TV Monitor Launch & Control Hub modal (#modal-tv-broadcast-hub) with a clear two-path dependable flow: Option 1 (Direct 1-Click Launch on local PC/display kiosk) and Option 2 (Wireless Smart TV broadcast switch, URL, PIN, and QR code); add mode=tv query parameter redirect to tv.html; bump cache version to v=5.58.","Done","73ea7e6","prototype_process","Antigravity QA","Updated buildNavbar in app.js to include TV Monitor for Owner and Admin; updated launchTVMode to invoke openTVBroadcastHubModal; enhanced modal-tv-broadcast-hub layout in index.html with Option 1 Local Kiosk and Option 2 Smart TV Wireless; added launchDirectKiosk and viewInAppMonitor in HontechTVBroadcastManager; bumped script version to v=5.58."
"REV-058","2026-09-14","HonTech QA & Capstone Team","Service Advisor, Assistant, Owner, Admin","Staff TV Manual Activation & Password Revelation Flow","Refine TV Monitor flow to match physical workshop process: TV starts in Offline/Standby mode; staff clicks 'Make TV Live Now' on dashboard to generate active broadcast link and 4-digit security PIN; staff manually opens TV browser, navigates to link, and enters PIN via TV remote; added startLiveBroadcast, stopLiveBroadcast, and two-state view management (Offline vs Live) in HontechTVBroadcastManager; updated tv.html with auto-polling standby wakeup; updated ApiResponse badRequest helper; bumped cache version to v=5.60.","Done","8da9832","prototype_process","Antigravity QA","Implemented two-state UI (#tv-hub-state-offline and #tv-hub-state-live) in modal-tv-broadcast-hub; added startLiveBroadcast and stopLiveBroadcast in app.js; added standby polling in tv.html; ensured default session starts offline; bumped cache buster to v=5.60."
"REV-059","2026-09-14","HonTech QA & Capstone Team","Service Advisor, Assistant, Owner, Admin","Unified TV Display Hub: Two-Method Flow (Live Stream vs HDMI Cable)","Implement unified flow popup when pressing TV Monitor with prominent two-method selector: Method 1 (Live Wireless Smart TV via Wi-Fi with 'Make TV Live Now' button revealing link & 4-digit password) and Method 2 (Direct HDMI Cable Mode with 3-step physical setup checklist, Win+P Extend guide, and 1-click HDMI Cinema Kiosk launch); added switchMethod and launchHDMIKiosk in HontechTVBroadcastManager; added kiosk param handling in tv.html; bumped cache buster to v=5.61.","Done","114669c","prototype_process","Antigravity QA","Restructured modal-tv-broadcast-hub with top method switcher deck (tab-tv-method-live and tab-tv-method-hdmi); implemented panel-tv-method-live and panel-tv-method-hdmi; added switchMethod and launchHDMIKiosk in app.js; bumped cache buster in index.html to v=5.61."
"REV-060","2026-09-14","HonTech QA & Capstone Team","All Roles (Owner, Admin, SA, Assistant)","In-App Dedicated TV Module & Industry-Standard Developer Suite (Ctrl+D)","Overhauled Developer Suite (Ctrl+D) and loader theme modal to follow industry-standard clean white light layout modeled directly after the runtime exception crash modal with balanced 2-column diagnostics, MariaDB database reset, network fault simulation, crash overlay test, and date time machine; bumped cache buster to v=5.63.","Done","a3a0f44","prototype_process","Antigravity QA","Upgraded #dev-toolbox-modal and #loader-theme-modal with clean light UI matching showCrashOverlay; fixed leading DOCTYPE syntax in tv.html; bumped cache buster to v=5.63."
"REV-061","2026-09-14","HonTech QA & Capstone Team","All Roles (Owner, Admin, SA, Assistant)","Restoration of 3-Slide Interactive TV Monitoring UI (Bays, Queue, Lanes)","Restored full in-app TV monitoring experience with original 3 auto-rotating slides (#tv-slide-1 Active Bay Monitoring, #tv-slide-2 Queue & Release Status, and #tv-slide-3 Workshop Lanes Monitoring); preserved top service banner with date, weather widget, live digital clock, and 3 slide switcher dots; retained collapsible TV Developer Announcement Simulator drawer (#tv-dev-drawer) with voice synthesis; added top-level 'Wireless & HDMI Cast' button (#tv-btn-cast-modal) opening the dedicated broadcast pairing hub modal (#modal-tv-broadcast-hub) for external Smart TVs; bumped script cache version to v=5.64.","Done","94027b4","prototype_process","Antigravity QA","Restored #section-tv structure with 3 slides in index.html; re-introduced modal-tv-broadcast-hub dialog for Smart TV / HDMI casting; updated showSection('tv') in app.js with title 'Service Monitor · Waiting Lounge TV' and jumpToTVSlide(0); verified with 100% test pass and automated visual screenshots; bumped cache buster to v=5.64."
"REV-062","2026-09-14","HonTech QA & Capstone Team","All Roles (Owner, Admin, SA, Assistant)","Professional White UI Restoration for Control Modules & TV Cast Hub Modal","Redesigned the TV Monitor Display Hub modal (#modal-tv-broadcast-hub) and related module dialogs to use the clean, professional high-contrast white UI directly modeled after the runtime exception dialog (showCrashOverlay), while strictly preserving the dark cinematic theme of the 3 TV monitoring slides (#section-tv: Bays, Queue, Lanes); features white cards, segmented method toggle, emerald live status indicators, amber HDMI checklist cards, and high-contrast monospace badges; verified tag balance and end-to-end visual tests; bumped script cache version to v=5.65.","Done","253c48d","prototype_process","Antigravity QA","Restructured modal-tv-broadcast-hub with white container, border-gray-200, high-contrast text, red status dot, and styled inputs/buttons matching showCrashOverlay; preserved section-tv slides intact (68/68 div balance); passed 100% automated selector & tag tests; captured visual proofs; bumped cache buster to v=5.65."
"REV-063","2026-09-14","HonTech QA & Capstone Team","All Roles (Admin, Owner, SA, Assistant)","TV Monitor Navigation Flow Correction: Action Hub Modal Popup vs Section Replacement","Fix TV Monitor UI flow so clicking TV Monitor in top navigation or sidebar opens the TV Monitor Display Hub modal (#modal-tv-broadcast-hub) directly over the active dashboard/module instead of ejecting user and replacing main content with section-tv; preserve active module state; add returnToDashboardFromTV button in section-tv header; add In-App Preview launcher in HDMI tab; bumped script cache version to v=5.66.","Done","a33917d","prototype_process","Antigravity QA","Replaced showSection('tv') with openTVBroadcastHubModal() in buildNavbar across all 4 roles; defined returnToDashboardFromTV and launchTVMode in app.js; added Back to Dashboard button in section-tv header; added In-App Slides preview button in modal-tv-broadcast-hub; verified with 100% test pass and DevTools screenshots; bumped cache buster to v=5.66."
"REV-064","2026-09-14","HonTech QA & Capstone Team","All Roles (Owner, Admin, SA, Assistant)","Pixel-Perfect Alignment of External HDMI & Live TV Monitor (tv.html) with Original In-App Design","Aligned external/HDMI TV monitor (frontend/tv.html) to be a 100% pixel-perfect match to original in-app #section-tv TV monitor based on client screenshot: unified top header strip (Service Monitor • Marikina Main Branch, uppercase live date, weather widget, 24h clock, 3 switcher dots, Audio & Fullscreen buttons, TV Dev Tools); replaced disparate slide markup with exact original 3-slide layout (#tv-slide-1 Bays, #tv-slide-2 Queue & Release, #tv-slide-3 Lanes); ported high-contrast automotive card rendering engines from app.js; added slide URL parameter support (?slide=0/1/2); verified with DevTools screenshots across all 3 slides; bumped script cache version to v=5.67.","Done","c53835b","prototype_process","Antigravity QA","Overhauled #screen-active-tv in frontend/tv.html with exact HTML structure from section-tv; updated renderTVDisplay in tv.html to render waiting list (tv-all-upcoming-list), release list (tv-all-released-list), carry-over grid (tv-all-carryover-list), bays (tv-grs-list), and lanes (tv-express-lane-list, etc.); verified with 100% visual match to client screenshot; bumped cache buster to v=5.67."


"REV-065","2026-09-15","HonTech QA & Capstone Team","Service Advisor, Assistant, Owner, Admin","Offline-First Interactive 2025 Excel Workbook Engine & 10-Sheet Prototype","Overhauled Form 1/3 Studio into an authentic Offline-First Interactive Excel Workbook Engine mapped 1:1 to Polished_2025 BLANK RO UPDATED.xlsx across all 10 official sheets (Job_Order, Quotation_No, Billing_No, CheckList_Result, Cash_Advance, OEF, LIQUIDATION_REPORT, (Broken)DISBURSEMENT, (Broken)Daily Cash Flow, Acknowledgement); added SheetJS (xlsx.full.min.js) vendor integration for 100% offline binary parsing and XLSX compilation; added Save Draft (localStorage), Reset to Blank Template, and Export Official .xlsx controls; cross-sheet formula evaluation for live auto-fill; bumped cache buster to v=2.20.","Done","HEAD","prototype_process","Antigravity QA","Embedded SheetJS vendor; mapped all 10 sheets to official template; implemented saveWorkbookDraftOffline, resetWorkbookToTemplate, exportOfficialXLSX, importOfficialXLSX, and authentic Google Sheets bottom tab bar; verified 100% offline execution."
"REV-066","2026-09-15","HonTech QA & Capstone Team","Service Advisor, Assistant, Owner, Admin","Multi-Sheet Direct Cell & Line-Item Export Population for Quotation, Billing & Checklist","Resolved cross-sheet formula evaluation and missing cell data upon opening exported .xlsx files in desktop Excel; updated exportOfficialXLSX to directly inject customer, vehicle, dates, pricing, and line-item rows into sheet1.xml (Job_Order), sheet2.xml (Quotation_No), sheet3.xml (Billing_No), and sheet4.xml (CheckList_Result) using inlineStr and numeric value nodes; ensured all 10 sheets preserve 100% colors, borders, and layouts; bumped cache buster to v=2.21.","Done","HEAD","prototype_process","Antigravity QA","Updated JSZip XML injectors to populate cell coordinates across sheet1 to sheet4 (Job Order, Quotation, Billing, Checklist); verified all customer names, emails, plate numbers, totals, and line items appear immediately when opening in Excel."
"REV-067","2026-09-15","HonTech QA & Capstone Team","Service Advisor, Assistant, Owner, Admin","Quotation_No (Sheet 2) Interactive Excel Studio & Sidebar Rebranding","Rebranded sidebar and navbar items from 'Form 1/3 Studio' to '2025 RO Excel Studio' with file-spreadsheet icon; implemented dedicated interactive Quotation Studio for Quotation_No (Sheet 2) with real-time two-way synchronization with Job Order (customer, plate, model, email, contact, color), dynamic line-item CRUD editor for parts/labor/scope, package presets (PMS 10K, Brake Overhaul, Aircon, Underchassis), live 1:1 spreadsheet canvas preview matching sheet2.xml, and multi-sheet tab switching; bumped cache buster to v=2.22.","Done","HEAD","prototype_process","Antigravity QA","Implemented switchFormStudioSheet, syncJobOrderFieldsToQuote, syncQuoteFieldsToJobOrder, renderForm23Rows, applyQuotePreset, and 1:1 Quotation canvas; verified seamless tab switching and synchronized data flow across sheets."
"REV-068","2026-09-15","HonTech QA & Capstone Team","Service Advisor, Assistant, Owner, Admin","Quotation_No 1:1 Physical Document Paper & Multi-Row Spreadsheet Canvas","Overhauled Quotation_No live canvas preview into a pixel-accurate 1:1 physical Excel/PDF paper sheet document matching sheet2.xml (Form 2/3); features authentic HonTech header banner, Marikina address/tel, boxed customer & vehicle dossier, 16-30 numbered grid lines with real spreadsheet borders, parts and labor subtotal rows, 15-day warranty & terms clauses, and Service Advisor signature block; bumped cache buster to v=2.23.","Done","HEAD","prototype_process","Antigravity QA","Transformed quotation preview from simple web card into 1:1 official physical document paper sheet layout matching Polished_2025 BLANK RO UPDATED.xlsx sheet2; verified live typing synchronization with line-item rows, totals, and export."
"REV-069","2026-09-16","HonTech QA & Capstone Team","Service Advisor, Assistant, Owner, Admin","Daily Intakes 3-Table Responsive Layout & Column Width Fix","Fixed horizontal screen overlap and column clipping across all 3 queue and daily intakes tables (Booking Module, Daily Intakes Master Table, and Carry Over Table); applied w-full max-w-full overflow-hidden container constraints with custom horizontal scroll wrappers; streamlined table cell padding, compact badge alignment in Model & Category, and refined column minimum widths to keep all elements within viewport boundaries without horizontal bleeding; bumped cache buster to v=2.24.","Done","HEAD","prototype_process","Antigravity QA","Restructured container-online-queue, container-daily-intakes, and container-carry-over with w-full max-w-full overflow-hidden; compacted Model & Category, Evaluation, and Status cells; verified no layout overflow occurs across screen sizes."
"REV-070","2026-09-16","HonTech QA & Capstone Team","Service Advisor, Assistant, Owner, Admin","App Shell & Flexbox Layout Containment for 3 Daily Intakes Tables","Eliminated right-screen horizontal viewport overflow and card blowout caused by flex child min-width auto expansion; enforced strict min-w-0, max-w-full, and overflow-x-hidden on #app-shell, #app-main-wrapper, #main-content, and #section-queue; bounded all 3 table cards to 100% viewport width with dedicated internal horizontal scrollbars; bumped cache buster to v=2.25.","Done","HEAD","prototype_process","Antigravity QA","Injected CSS containment rules into index.html head; verified #app-main-wrapper and #main-content cannot expand past viewport boundary, keeping all 3 cards and right borders completely on-screen."
"REV-071","2026-09-17","HonTech QA & Capstone Team","Developer, QA & All Roles","Terminal Dev Tooling & Automated Test Suites (Frontend, Backend, Security)","Configured npm.cmd run dev to launch PHP built-in router server on port 8000; created automated 27-assertion test runner (npm.cmd test) covering frontend logic, backend PHP syntax/DB connectivity, and security/RBAC barriers; established mandatory 6-Stage AI closed-loop workflow with whole-system regression protection, self-debugging, and 1:1 GitHub commit traceability in .agents/AGENTS.md, .agents/skills, and Git_and_GitHub_Guide.md.","Done","5cb96c9","prototype_process","Antigravity QA","Configured package.json scripts (dev, test, test:frontend, test:backend, test:security); created tests/ test harness passing 27/27 assertions in under 4 seconds; appended CLI-01, CLI-02, SEC-01, SEC-02 to HONTECH_QA_TEST_CHECKLIST.csv; updated .agents/AGENTS.md and StartupOperation.md."
"REV-072","2026-09-17","HonTech QA & Capstone Team","Service Advisor (Strict SA-Only)","2025 RO Excel Studio Streamlining to 4 Core SA Sheets & Non-SA Tabs Purge","Major architectural revision on 2025 RO Interactive Excel Workbook Studio: purged 6 non-SA tabs (Cash_Advance, OEF, LIQUIDATION_REPORT, (Broken)DISBURSEMENT, (Broken)Daily Cash Flow, Acknowledgement) including mock stores, logic, and buttons; preserved and polished 4 essential Service Advisor worksheets (Job_Order, Quotation_No, Billing_No, CheckList_Result); enforced strict SA-only RBAC access control (locking out Owner, Admin, Assistant); engineered live reactive two-way binding pipeline across all 4 worksheets with physical document canvas previews; upgraded 1:1 .xlsx export via JSZip to inject into sheets 1-4 while hiding sheets 5-10; expanded test suite to 30 passing assertions; bumped cache buster to v=2.30.","Done","b0ac25c","prototype_process","Antigravity QA","Purged 6 non-SA tabs from HTML tab strip; implemented Billing_No and CheckList_Result interactive studios; wired reactive cross-sheet synchronization; updated exportOfficialXLSX with sheet4 fields and hidden non-SA sheets; passed 30/30 automated tests."
"REV-073","2026-09-17","HonTech QA & Capstone Team","Service Advisor & All Roles","TV Monitor Natural Trigger, Top 4-Tab Bar, Reactive Auto-Fill & Current_2025 Template Sync","Restored modal-tv-broadcast-hub with wireless Smart TV and HDMI display modes; positioned sticky top tab bar at head of 2025 RO Excel Studio with strictly 4 SA sheets (Job_Order, Quotation_No, Billing_No, CheckList_Result) featuring Google Sheets carets and blue active theme; engineered live keystroke auto-fill from Job Order to all other sheets eliminating manual copy-pasting; migrated export template from Polished_2025 (deleted) to Current_2025 BLANK RO UPDATED.xlsx auto-injecting into sheets 1 to 7; expanded automated test suite to 33 passing assertions; bumped cache buster to v=2.31.","Done","c8ba45f","prototype_process","Antigravity QA","Restored TV hub modal; added top 4-tab bar; wired reactive keystroke auto-sync; replaced base64 with Current_2025; passed 33/33 automated assertions."
"REV-074","2026-09-17","HonTech QA & Capstone Team","Service Advisor & All Roles","Official PDF Format Preview Sidebars & Purge Keystroke HTML Canvas Overhead","Upgraded 2025 RO Excel Studio preview sidebars across all 4 worksheets with high-fidelity embedded PDF format viewers using newly provided official assets (Job_Order: form13_template.pdf, Quotation_No: Current_2025 BLANK RO UPDATED.xlsx - Quotation_No.pdf, Billing_No: Current_2025 BLANK RO UPDATED.xlsx - Billing_No.pdf, CheckList_Result: Current_2025 BLANK RO UPDATED.xlsx - CheckList_Result.pdf) equipped with Full PDF, Download PDF, and Export .xlsx actions; completely purged simulated keystroke HTML canvas sheets and hundreds of span tags to eliminate typing lag while preserving instant input field cross-synchronization and localStorage offline draft saving; reordered worksheet DOM architecture sequentially; expanded test suite to 36 passing assertions; bumped cache buster to v=2.32.","Done","131cbb5","prototype_process","Antigravity QA","Replaced keystroke HTML canvases with official embedded PDF viewers in Job Order, Quotation, Billing, and Checklist; streamlined onReactiveJobOrderInput; added Suite 7 tests passing 36/36 assertions."
"REV-075","2026-09-17","HonTech QA & Capstone Team","Service Advisor & All Roles","Dynamic PDF Stamping Across All SA Worksheets & Open-Minded Inquiry Mandate","Implemented dynamic live PDF compiling and stamping via PDFLib across Quotation, Billing, and Checklist matching Job Order; eliminated clashing red headers, irregular fonts, and destructive whiteout blocks on Job Order in favor of standard 8pt laser-printed charcoal ink (rgb(0.08,0.08,0.08)); codified Open-Minded Collaborative Inquiry Mandate permanently into .agents/AGENTS.md and agent-workflow SKILL.md requiring deep inquiry formulation during planning; expanded test suite to 39 passing assertions; bumped cache buster to v=2.34.","Done","d84017a","prototype_process","Antigravity QA","Implemented compileQuotePDFBytes, compileBillingPDFBytes, compileChecklistPDFBytes; harmonized dark ink styling; codified inquiry mandate; passed 39/39 automated assertions."
"REV-076","2026-09-17","HonTech QA & Capstone Team","Service Advisor & All Roles","Complete Lossless Excel Data Injection into Official Template Across All Worksheets","Engineered memory-cached binary buffer loader for Current_2025 BLANK RO UPDATED.xlsx eliminating missing base64 dependencies; mapped exact cell coordinates for Job_Order customer dossier (C10-K13), Diagnostic findings (B27-B52), Parts (D27-G52), and Materials (H27-K52); injected Quotation line items across sheets 2-4, Billing statement across sheets 5-6, and 15-point inspection findings into sheet 7; expanded test suite to 42 passing assertions; bumped cache buster to v=2.35.","Done","0c21565","prototype_process","Antigravity QA","Implemented getOfficialXlsxTemplateBuffer; mapped 7-sheet XML injection via JSZip; added Suite 9 tests passing 42/42 automated assertions."
"REV-077","2026-09-17","HonTech QA & Capstone Team","Service Advisor & All Roles","Quotation Scope Safety, ReferenceError Elimination & Legacy Handler Purge","Resolved Uncaught ReferenceError on removeForm23Row by safely binding legacy aliases (removeForm23Row -> removeForm23ItemRow, addForm23Row -> addForm23ItemRow, calculateForm23Totals -> calcForm23Totals, applyForm23Preset -> applyQuotePreset); purged obsolete duplicate prototype studio block from lines 14607-14910 that was overwriting the active 2025 syncForm23Canvas; verified clean script execution without syntax or scope errors; added Suite 10 tests expanding automated assertions to 44/44 passing; bumped cache buster to v=2.36.","Done","d215211","prototype_process","Antigravity QA","Eliminated scope ReferenceError; purged dead legacy code; verified VM execution without runtime errors; passed 44/44 automated assertions across 19 suites."
"REV-078","2026-09-17","HonTech QA & Capstone Team","Service Advisor & All Roles","OpenXML SpreadsheetML Namespace Compliance & LibreOffice Display Fix","Resolved issue where injected data appeared blank in LibreOffice Calc and Excel due to empty xmlns attributes on inlineStr tags; enforced document.createElementNS with official SpreadsheetML namespace (http://schemas.openxmlformats.org/spreadsheetml/2006/main) on all cell, row, and value tags; purged rogue empty xmlns attributes via regex on serialization; added fullCalcOnLoad to workbook.xml to ensure formulas (e.g. D23 customer signature formula =C10) recalculate automatically on file open; expanded test suite to 45 passing assertions; bumped cache buster to v=2.37.","Done","23868fc","prototype_process","Antigravity QA","Enforced SML_NS on createElementNS; serialized clean XML without empty xmlns; set fullCalcOnLoad; verified in browser; passed 45/45 automated assertions across 19 suites."
"REV-079","2026-09-17","HonTech QA & Capstone Team","All Roles & Developers","Technical Documentation Organization & 7 Numbered Subdirectories","Reorganized all 40+ flat files in Hontech Documentation/Technical into 7 numbered operational subdirectories (01_Staff_Foundations_and_Operations, 02_Architecture_and_Engineering, 03_Quality_Assurance_and_Testing, 04_Deployment_and_Infrastructure, 05_Client_Proposals_and_Defense, 06_Project_Logs_and_Checkpoints, 07_Career_and_Portfolio); overhauled root README.md into an executive navigation directory; updated AGENTS.md directives and implementation plan; verified 100% test pass rate (45/45 assertions).","Done","010fe2f","prototype_process","Antigravity QA","Structured 7 numbered folders; moved 41 files; updated README.md and AGENTS.md; verified 45/45 automated assertions passing."
"REV-080","2026-09-17","HonTech QA & Capstone Team","Service Advisor & All Roles","1-Button Studio RO Registration, Warranty Back-Job Sync & Intake Streamlining","Unified vehicle intake and repair order creation into single action button [💾 Register Repair Order to System] in 2025 RO Excel Studio; migrated MySQL schema and JobController with 10 core fields, engine_no, and back-job attributes; upgraded Customer Lookup with engine number search and returning customer/back-job studio loading; retired redundant walk-in intake form from SA navigation; expanded automated test suite to 50 passing assertions across 20 suites; bumped cache buster to v=2.39.","Done","802d667","prototype_process","Antigravity QA","Implemented registerStudioROToSystem, loadCustomerIntoStudioForms, and f13-backjob-banner; updated migration.php and JobController; retired Walk-In Form from SA nav; added Suite 11 tests passing 50/50 assertions."
"REV-081","2026-09-17","HonTech QA & Capstone Team","Service Advisor & Assistant","Authentic HonTech Form 1/3 Customer Details 3-Column Layout & Dossier Actions","Redesigned Customer Lookup (#section-lookup) to match the official HonTech Form 1/3 physical document and 2025 Excel template header block; added top contact line (85644550/71219124/09458757441/09525065084-VIBER), gray #C0C0C0 CUSTOMER DETAILS banner, and 12 underlined fields across 3 columns; extracted email and chassis_no in buildCustomerLookupRegistry; defensively populated all 12 fields in selectCustomerForLookup; added copyCustomerDossier and attached command action toolbar; expanded automated tests to 54 passing assertions across 21 suites; bumped cache buster to v=2.40.","Done","b37e8aa","prototype_process","Antigravity QA","Transformed generic lookup cards into authentic 3-column physical document layout; bound 12 fields; wired copyCustomerDossier; added Suite 12 tests (AUT-FRONT-36-39); 54/54 automated assertions passing."




"REV-082","2026-09-18","HonTech QA & Capstone Team","Service Advisor & All Roles","Daily Intakes 3-Table Alignment, Spacing Rhythm, Command Deck & Carry-Over Overflow Fix","Standardized #section-queue layout to flex flex-col gap-5 eliminating conflicting margin collisions; unified 3 table card headers with branded color-coded accents and badges (Booking Module: Blue, Daily Intakes: Red, Carry-Over: Amber); merged fragmented filter panels into a single 2-tier command deck; aligned table columns and standardized table header typography (bg-slate-50/95 text-[10px] font-black uppercase); resolved Carry-Over horizontal overflow and button truncation (RETURN AC...) on laptop screens with compact Action buttons, 2-line date stack, and trimmed status select; passed 57/57 automated assertions across 22 test suites; bumped cache buster to v=2.41.","Done","e58e1da","prototype_process","Antigravity QA","Standardized 3 queue tables layout and spacing; merged command deck; resolved carry-over overflow; passed 57/57 tests."
"REV-083","2026-09-18","HonTech QA & Capstone Team","Service Advisor & All Roles","Daily Intakes (Queue Monitoring)","Convert Model & Category badge layout from horizontal wrapping form to a vertical stacked column form (1: Advisor/My Job, 2: Category/GRS, 3: Lane/Special)","Done","28a3dfd","prototype_process","Antigravity QA","Refactored Model & Category badge container in renderJobRows to flex flex-col items-start gap-1 mt-1; badges now strictly stack vertically in 3 rows: 1. Advisor badge (My Job / [Advisor] Take Over / Take Job / Unassigned), 2. Category badge & selector (PMS / GRS / OTHERS), 3. Lane badge & selector (Flexible / Special / Express); added Suite 14 test AUT-FRONT-43; 58/58 tests passing; cache buster v=2.42."
"REV-084","2026-09-18","HonTech QA & Capstone Team","Service Advisor & All Roles","Daily Intakes & Queue Tables","Expand compressed table rows and cells with generous py-3.5 padding, min-w-[240px] Model & Category column, p-5 card padding, and max-h-[620px] viewport","Done","16e95fe","prototype_process","Antigravity QA","Expanded table cell padding from py-2 to py-3.5 across Daily Intakes and Carry-Over; widened Model & Category column to min-w-[240px] with gap-1.5 between stacked badges; increased Evaluation to min-w-[210px], Status/Location to min-w-[145px]; card padding p-5; added Suite 15 AUT-FRONT-44; passed 59/59 tests; cache buster v=2.43."
"REV-085","2026-09-18","HonTech QA & Capstone Team","Service Advisor & All Roles","Daily Intakes & Queue Tables","Enlarge compressed table values: vehicle titles to text-sm font-extrabold, badges and selectors to text-xs with px-2.5 py-1, plate/claim stub to px-2.5 py-1, and headers to text-xs","Done","cbce94e","prototype_process","Antigravity QA","Scaled table values from cramped 9px/9.5px/10px to prominent text-xs/text-sm; vehicle models to text-sm font-extrabold; badges to text-xs with px-2.5 py-1; status & location to text-xs px-2.5 py-1.5; headers to text-xs font-black; added Suite 16 AUT-FRONT-45; passed 60/60 tests; cache buster v=2.44."
"REV-086","2026-09-18","HonTech QA & Capstone Team","Service Advisor & All Roles","Daily Intakes & Queue Tables","Eliminate 100% edge-to-edge flush layout; apply 24px viewport gutters, sleek 6px custom scrollbars, and segmented sub-tab module switcher","Done","65ae749","prototype_process","Antigravity QA","Added 1.5rem (24px) padding to #main-content preventing cards from touching window/sidebar edges; added sleek 6px custom scrollbars replacing bulky Windows defaults; implemented Queue View Module Switcher deck (tabs: Daily Intakes, Booking Module, Carry-Over Data, View All) resolving vertical 3-table squashing; added Suite 17 AUT-FRONT-46; passed 61/61 tests; cache buster v=2.45."
"REV-087","2026-09-18","HonTech QA & Capstone Team","Service Advisor & All Roles","Daily Intakes & Queue Tables","Restore unified 3-table stack without sub-tabs; eliminate scrollbar overlap with min-h-[180px], pb-2 clearance, roomy py-12 empty states, and 24px-32px gutters","Done","bba2e46","prototype_process","Antigravity QA","Restored unified 3-table layout; removed switcher buttons; added min-height: 180px and padding-bottom: 6px on all scroll wrappers preventing scrollbar text overlay; added py-12 empty states with icons; enforced 24px-32px viewport gutters; passed 61/61 tests; cache buster v=2.46."
"REV-088","2026-09-18","HonTech QA & Capstone Team","Service Advisor & All Roles","Daily Intakes & Queue Tables","Enterprise data table layout: eliminate inner vertical scrollbox traps (max-h/overflow-y-auto); natural 100% readable height; smooth horizontal responsiveness; py-14 roomy empty states","Done","6b8d0a9","prototype_process","Antigravity QA","Eliminated inner vertical clipping and max-h constraints; tables expand naturally at 100% readable height; smooth horizontal responsiveness with 6px scrollbars; py-14 empty states with icons; passed 61/61 tests; cache buster v=2.47."
"REV-089","2026-09-18","HonTech QA & Capstone Team","Service Advisor & All Roles","Master Queue & Layout Structure","Fix premature closing div in section-form13, restore section-queue parentage inside main-content/app-main-wrapper, eliminate dual scroll (outer spillover vs inner table scroll), and enforce 24px-32px gutters","Done","55923c2","prototype_process","Antigravity QA","Removed redundant closing </div> tags after section-form13 that ejected section-queue out of main-content into app-shell flex row causing dual scrolling and 0px gutters; set app-main-wrapper to w-full max-w-full; restored proper DOM nesting inside main-content with 24px gutters; added Suite 18 AUT-FRONT-47; passed 62/62 tests; cache buster v=2.48."
"REV-090","2026-09-18","HonTech QA & Capstone Team","Service Advisor & All Roles","Daily Intakes & Queue Tables","Increase distance between Unified Command & Filter Deck and Table to 24px (space-y-6), expand row spacing with generous py-5 cell padding, widen Model & Category to min-w-[280px], widen SA badge to max-w-[160px] to prevent truncation, and scale table headers to py-4.5","Done","b0eaa17","prototype_process","Antigravity QA","Separated filter deck controls from daily intake table with space-y-6 (24px) and mt-2 elevation; expanded all table rows to py-5 across Daily Intakes, Carry-Over, and Booking Module; widened Model & Category column to min-w-[280px] with mb-2 car title spacing and gap-2 badge stack; expanded SA name max-width to 160px eliminating truncation; added Suite 19 AUT-FRONT-48; passed 63/63 tests; cache buster v=2.49."
"REV-091","2026-09-18","HonTech QA & Capstone Team","Service Advisor & All Roles","Daily Intakes, Booking Module & Carry-Over","Multi-Table Design Harmonization & Inner Viewport Scroll Limits: add max-h inner scroll containers (Daily Intakes 500px, Booking/Carry-Over 480px), roomy py-5 rows and px-3 py-1.5 badge harmonization","Done","8505fb0","prototype_process","Antigravity QA","Harmonized row heights (py-5) and badge pills (px-3 py-1.5) across Booking and Carry-Over tables; bounded inner scroll to max-h-500px/480px; added Suite 20 tests (AUT-FRONT-49); 64/64 tests passing; cache buster v=2.50."
"REV-092","2026-09-18","HonTech QA & Capstone Team","Service Advisor & All Roles","Carry-Over Queue & Table","Carry-Over Table Revisions: remove Claim Stub column to recover horizontal width and prevent Action button truncation; rename Status to Remarks; implement Google-style hybrid combobox for free-form text input or quick standard preset selection; update empty state colspan to 9","Done","cfe3183","prototype_process","Antigravity QA","Removed Claim Stub column recovering ~115px horizontal space; eliminated action button truncation; renamed Status to Remarks; implemented hybrid combobox with quick standard presets (Awaiting Parts, For Customer Approval, Machine Shop, etc.) and free typing; added Suite 21 tests (AUT-FRONT-50, 51, 52); 67/67 tests passing; cache buster v=2.51."
"REV-093","2026-09-18","HonTech QA & Capstone Team","Service Advisor & All Roles","Daily Intakes, Smart TV, Audio Engine & Dashboard","Status Upgrade to Processing, Relaxing Lounge Female Voice Engine, 3-Tone Chime & Universal Broadcast Toast Plaque","Done","7bd9138","prototype_process","Antigravity QA","Migrated status from Monitoring to Processing across Daily Intakes row dropdowns, location locks, and Smart TV monitor; added isProcessingStatus helper for backward compatibility with legacy DB records; tuned soothing natural female voice engine (pitch: 1.05, rate: 0.88) with Chrome GC protection; created default 3-tone lounge chime theme with browser autoplay interaction unlock; implemented Universal Broadcast Alert Toast (#universal-broadcast-alert-toast) across all views; passed 71/71 tests; bumped cache buster to v=2.52."
"REV-094","2026-09-18","HonTech QA & Capstone Team","Service Advisor & All Roles","Daily Intakes, Central DB & Smart TV","Zero-Typing Automatic Departure Clock Stamping upon Actual Release & Same-Day Re-open Exception Safeguard","Done","812963f","prototype_process","Antigravity QA","Replaced manual departure text inputs and preset dropdowns in Daily Intakes with non-editable display-only mono badges; clicking [Release] captures system clock, persists departure and date_completed to MySQL, vacates workshop bay, and triggers soothing lounge voice announcement; retains released vehicles in today's intake queue with locked status and allows SA to click [Re-open] to clear departure and return to active Processing; passed 75/75 tests; bumped cache buster to v=2.53."
"REV-095","2026-09-18","HonTech QA & Capstone Team","Service Advisor & All Roles","Daily Intakes & Customer Lookup","Natural Alphanumeric Claim Stub Sorting & Interactive Customer Lookup Dossier Quick-Link with Live Status Badge","Done","1b181fe","prototype_process","Antigravity QA","Implemented naturalStubSort using numeric collation preventing multi-digit ASCII disorder (052226j1 < 052226j2 < 052226j10); replaced redundant printer button with openCustomerLookupForStub interactive badge; added #dossier-live-status-badge to Customer Lookup displaying real-time workshop floor status (Onsite Bay vs Serviced/Released); added Suite 24 tests (AUT-FRONT-61 to 64); 79/79 tests passing; cache buster v=2.54."
"REV-096","2026-09-18","HonTech QA & Capstone Team","Service Advisor, Owner & Admin","Daily Intakes & Executive Analytics","Express 2-Hour SLA Overrun Incident Trigger & Simple Tabular Owner/Admin Audit Hub","Done","a819b2d","prototype_process","Antigravity QA","Enabled SLA column for Service Advisors (showGoal includes isSA); dynamically computes elapsed turnaround duration against job.arrival; renders interactive trigger [⚠️ 2h Exceeded — File Report] for overrun services; opens #modal-express-delay-report to capture reason category and verbatim notes; persists to /api/express-issues and job_audit_logs; flips cell to calm reported pill; preserved simple, graph-free tabular audit view in #db-tab-express with search, filters, and CSV/print export; passed 83/83 tests across 34 suites; cache buster v=2.55."
"REV-097","2026-09-19","HonTech QA & Capstone Team","Service Advisor & TV Display","Daily Intakes, Smart TV & Audio Engine","Dual-Mode TV Monitoring Audio-Visual Announcements on Status and Location Transitions & Silent SA Dashboard","Done","73737a2","prototype_process","Antigravity QA","Upgraded Standalone TV Kiosk (tv.html) and In-App TV Monitor (#section-tv) to broadcast chime, female voice TTS, and color-coded alert plaques on location/bay changes and status updates; locked speech engine permanently to a single female voice persona; enforced silent SA dashboard with top visual toast only; added Suite 26 tests (AUT-FRONT-69 to 72); passed 87/87 tests; cache buster v=2.56."
"REV-098","2026-09-20","HonTech QA & Capstone Team","Service Advisor, Assistant & All Roles","2025 RO Studio, Staff Directory, Lookup & Intake","Excel Auto-Locking, Authentic Staff Roster, Modernized Lookup UI & Assistant Destination Switcher","Done","f08598d","prototype_process","Antigravity QA","Injected OpenXML sheetProtection across all exported worksheets (Job_Order, Quotation, Billing, CheckList) in exportOfficialXLSX to automatically lock exported Excel files against accidental cell tampering; synchronized authentic HonTech employee directory in backend/seed.php and frontend fallbacks while preserving test names as commented references; modernized Customer Lookup dossier card by removing heavy borders and underscore placeholders in favor of sleek cards and legible text; added Assistant destination table switcher (Booking Module vs. Daily Intakes) and target branch selector in intake form; added Suite 27 automated tests (AUT-FRONT-73 to 75); 90/90 tests passing; cache buster v=2.57."
"REV-099","2026-09-20","HonTech QA & Capstone Team","All Roles & Development","Repository Structure & Tooling","Clean repository restructuring and technology segregation: move batch scripts and tunnel.js into scripts/, archive legacy prototypes and external docs into archive/, delete root 55MB cloudflared.exe binary, and update package.json","Done","ac88c1e","prototype_process","Antigravity QA","Restructured project root; moved start_lan_server.bat, backup_database.bat, and tunnel.js into scripts/; updated package.json tunnel script; moved frontend/OthersPrototype into archive/legacy_prototypes/; moved PSYCHOLOGICAL_GAMES_MASTER_PLAN.md into archive/; deleted duplicate 55MB cloudflared.exe from root; added Suite 28 automated tests (AUT-FRONT-76); 91/91 tests passing."
"REV-100","2026-09-20","HonTech QA & Capstone Team","Service Advisor & Assistant","Customer Lookup Dossier","Authentic 2025 Repair Order (Form 1/3) CUSTOMER DETAILS Tabular Layout: solid black outer frame, gray header bar (#c0c0c0), exact 3-column matrix with aligned colons and document underline lines","Done","84304cc","prototype_process","Antigravity QA","Overhauled Customer Lookup dossier card to match the official 2025 RO Form 1/3 printed format; implemented solid black 2px outer border, bg-[#c0c0c0] header bar with uppercase bold CUSTOMER DETAILS title, and 3-column field matrix (Name Address Contact E-Mail | Year/Model KM Engine Chassis | Plate Intake Promise Color) with aligned colons and underline borders; refined empty field fallbacks in app.js; added Suite 29 tests (AUT-FRONT-77); 92/92 tests passing; cache buster v=2.58."
"REV-101","2026-09-20","HonTech QA & Capstone Team","Assistant & Service Advisor","Online Booking Module & Form 1/3 Studio","Multi-Branch Online Booking Module Selection, Row Branch Reassignment & 1-Click Form 1/3 Import","Done","85cc3b8","prototype_process","Antigravity QA","Added segmented branch filter toolbar (All Branches, Marikina Main, East Branch) in #container-online-queue; added Branch column to Booking Module table with color-coded badges (blue/purple) and row-level branch switcher; added [📝 Load to RO] 1-click action button enabling SA to import customer dossier, vehicle, and concern directly into Form 1/3 Studio; updated JobRepository.php and JobController.php to support multi-branch queries and cross-branch online booking management; added Suite 30 tests (AUT-FRONT-78); 93/93 tests passing; cache buster v=2.59."
"REV-102","2026-09-20","HonTech QA & Capstone Team","Service Advisor & All Roles","2025 RO Studio & Daily Intakes Monitoring","Workshop Monitoring & Daily Intakes Dispatch Card with Auto-Prefilled Claim Stub, Clock-In Time & 1-Button Registration","Done","ce2c426","prototype_process","Antigravity QA","Added #f13-monitoring-dispatch-card to the top of Form 1/3 Studio featuring Claim Stub ID, Intake Source, Target Branch, Lane Classification, Workshop Bay, Parts Stock Status, Arrival Time, Floor Status, and Carry-Over Flag; implemented auto-prefill generators for sequential claim stub (generateNextStudioClaimStub) and arrival clock (getStudioCurrentClockTime); updated registerStudioROToSystem to bundle all 14 monitoring parameters into API payload; synchronized resetForm13Studio; added Suite 31 tests (AUT-FRONT-79); passed 94/94 tests; cache buster v=2.60."
"REV-103","2026-09-20","HonTech QA & Capstone Team","Service Advisor & All Roles","2025 RO Studio Workshop Monitoring","Professional White Aesthetic Redesign of Workshop Monitoring & Daily Intakes Dispatch Card","Done","c7be680","prototype_process","Antigravity QA","Redesigned #f13-monitoring-dispatch-card at the top of Form 1/3 Studio into a clean, professional, white card aesthetic matching the Online Booking Form design; replaced dark-red-to-dark-blue gradient header and heavy slate borders with clean white background, subtle light-gray borders (border-gray-200), red icon badge (bg-red-50 text-red-600), emerald auto-prefilled pulse badge, and unembellished input/select elements without noisy emojis; preserved all 9 DOM element IDs and auto-prefill logic; verified full suite with 94/94 passing tests."
"REV-104","2026-09-20","HonTech QA & Capstone Team","Service Advisor & All Roles","2025 RO Studio Workshop Monitoring","Step 1 Workshop Monitoring First Workflow, Daily Claim Stub Ranking & Integrated Registration Button","Done","cacd5c9","prototype_process","Antigravity QA","Moved Workshop Monitoring card to Card #1 at the head of Form 1/3 Studio; integrated prominent full-width red [Register Repair Order to System] button directly inside the monitoring card; upgraded generateNextStudioClaimStub and backend JobController to enforce daily J-sequence ranking starting at 092026-J1 and incrementing to J2, J3 upon successive intakes; added Suite 32 tests (AUT-FRONT-80); passed 95/95 tests."
"REV-105","2026-09-20","HonTech QA & Capstone Team","All Roles (Assistant & Service Advisor)","Main Content Sections & Studio Architecture","Form 1/3 Studio Closing Div Balance & Universal Module Visibility Restored","Done","eb28e7d","prototype_process","Antigravity QA","Fixed unclosed div defect in #section-form13 that trapped 7 downstream top-level modules (#section-intake, #section-queue, #section-bays, #section-tv, etc.) inside form13 causing them to inherit display:none and appear blank when switching views; restored id=table-daily-intakes in app.js; added Suite 33 tests (AUT-FRONT-82); passed all 96/96 tests; cache buster v=2.61."
"REV-106","2026-09-20","HonTech QA & Capstone Team","Service Advisor & All Roles","2025 RO Studio & Claim Stub Format","Form 1/3 Studio Right-Side PDF Preview Restoration & Hyphen-Free Daily Claim Stub Ranking","Done","46bb295","prototype_process","Antigravity QA","Restored side-by-side 2-column layout in Form 1/3 Studio by closing #form13-editor-pane before #form13-canvas-pane, resolving blank right side and rendering official Form 1/3 PDF iframe; updated claim stub generation in app.js and JobController.php to produce MMDDYYJ1 without hyphen (092026J1); polished Arrival Time label whitespace wrapping; added Suite 34 tests (AUT-FRONT-83); passed 97/97 tests; cache buster v=2.62."
"REV-107","2026-09-20","HonTech QA & Capstone Team","Service Advisor & All Roles","2025 RO Studio Excel Export","Excel Export Schema-Compliant Multi-Layer Tamper-Proof Locking, Password Protection & Structure Guard","Done","72f1c0f","prototype_process","Antigravity QA","Resolved OpenXML schema ordering violation by placing sheetProtection strictly before mergeCells; injected cryptographic password hash DB3E (HonTech2025) and restricted format/insert/delete permissions while preserving selectLockedCells=1 for viewing; injected fileSharing readOnlyRecommended=1 and workbookProtection lockStructure=1 into workbook.xml; added Suite 35 tests (AUT-FRONT-84); 98/98 tests passing; cache buster v=2.63."

"REV-108","2026-09-20","HonTech QA & Capstone Team","Service Advisor & All Roles","2025 RO Studio Alignment & Responsiveness","Studio Layout Alignment, Label Baseline Harmonization & Edge 100% Zoom Responsiveness","Done","a7fb09f","prototype_process","Antigravity QA","Standardized 3-column input matrix in Workshop Monitoring card with uniform h-5 label containers; removed whitespace-nowrap from Arrival Time label preventing column collision with Initial Floor Status; added responsive text spans to top action bar buttons for 100% Edge zoom display protection; added Suite 36 tests (AUT-FRONT-85); 99/99 tests passing; cache buster v=2.64."
"REV-109","2026-09-20","HonTech QA & Capstone Team","Service Advisor & All Roles","2025 RO Studio Unified Professional Redesign","Unified 7/5 Column Ergonomic Split, 2-Column Monitoring Grid & Floating Bottom Bar Removal","Done","6a12606","prototype_process","Antigravity QA","Upgraded grid layout across all 4 worksheets to an ergonomic 7/5 split (~650px editor / ~450px PDF); reorganized Workshop Monitoring card into 2-column grid ensuring full option visibility without text clipping; permanently removed redundant sticky bottom sheet bar; added top bar preview toggle (toggleStudioPDFPreview); added Suite 37 tests (AUT-FRONT-86); 100/100 tests passing; cache buster v=2.65."
"REV-110","2026-09-20","HonTech QA & Capstone Team","Service Advisor & All Roles","2025 RO Studio Action Consolidation","Form 1/3 Floating Sticky Bar Removal & Header Action Consolidation","Done","08366f2","prototype_process","Antigravity QA","Permanently removed redundant floating sticky bottom-14 action toolbar in Form 1/3 editor; placed Print Form 1/3 directly in top tab bar and PDF preview header; wired Reset Form into Form 1/3 header card; added Suite 38 tests (AUT-FRONT-87); 101/101 tests passing; cache buster v=2.66."
"REV-111","2026-09-20","HonTech QA & Capstone Team","Service Advisor & All Roles","Form 1/3 Live PDF Typing Sync & Multi-Sheet Excel Injection","Live 350ms Debounced Typing-to-PDF Rendering & Full 7-Sheet Excel Data Injection","Done","e7edd7f","prototype_process","Antigravity QA","Implemented scheduleForm13PDFRefresh with 350ms keystroke debounce and instant blur/change re-rendering live PDF preview on the right; updated compileForm13PDFBytes to pull live claim stub ID; upgraded exportOfficialXLSX to inject full system data across all 7 sheets (Job_Order parts/mats totals, signatures, claim stub; Quotation subtotals; Billing line items; Checklist 15 points); added Suite 39 tests (AUT-FRONT-88); 102/102 tests passing; cache buster v=2.67."
"REV-112","2026-09-20","HonTech QA & Capstone Team","Service Advisor & All Roles","2025 RO Studio Excel Export Ground Truth","Precise Excel Cell Coordinates, Signature Alignment & Multi-Column Pricing Export Across All 7 Sheets","Done","e1dd8a8","prototype_process","Antigravity QA","Mapped exact OpenXML cell coordinates from template inspection: Row 53 Mechanic (C53) and Assessor (I53); Row 58 SA (C58) and Chief Mechanic (H58); Row 61 Customer Conforme (C61) and GM Concurred by (H61); Rows 70-72 Claim Stub Customer (C70), Vehicle (I70), SA (C71), Date (C72), ID (I72); re-architected Quotation and Billing items across Columns A, C, D (FRT), E (Labor), F (Parts), G (Materials), H (Amount) preventing zeroed prices; relocated Checklist date to M5 preserving L5 label; added Suite 40 tests (AUT-FRONT-89); 103/103 tests passing; cache buster v=2.68."
"REV-113","2026-09-20","HonTech QA & Capstone Team","Service Advisor & All Roles","2025 RO Studio Quotation & Billing Export Mirroring","Multi-Sheet Quotation 1-3 & Billing 1-2 Line Item Mirroring, Coordinate Alignment & Zero-Price Fix","Done","TBD","prototype_process","Antigravity QA","Auto-mirrored active unified line items across Quotation 1-3 (sheets 2-4, rows 15-44) and Billing 1-2 (sheets 5-6, rows 17-52); purged static dummy initializers; aligned Quotation signatures to row 62/65 and Billing to row 60; preserved native template SUM formulas in H45:H49; added Suite 41 tests (AUT-FRONT-90); 104/104 tests passing; cache buster v=2.69."
"REV-114","2026-09-21","HonTech QA & Capstone Team","Service Advisor & All Roles","2025 RO Studio Live Multi-Sheet PDF Sync & Exact Coordinates","Live Studio Cross-Sheet Typing PDF Sync, Green Live Sync Badges, Exact PDF Coordinates & 7-Sheet XLSX Export","Done","ed43c75","prototype_process","Antigravity QA","Implemented instant reactive cascading from Job Order to Quotation and Billing with confirmed 0.00 labor default; rendered live updates across all 4 worksheets with debounced scheduleFormStudioPdfRefresh (350ms) and green live sync badges in preview headers; aligned exact PDF coordinates and plain text signatures across Quotation (A62 SA, F62 GM, A65 Customer) and Billing (A60 SA, C14 Amount Banner); natural multi-sheet Excel injection across all 7 sheets with OpenXML tamper protection; added Suite 42 tests (AUT-FRONT-91); 105/105 tests passing; cache buster v=2.70."
"REV-115","2026-09-21","HonTech QA & Capstone Team","Service Advisor & All Roles","2025 RO Studio Multi-Sheet XLSX Export","Multi-Sheet XLSX Export Personnel Scoping Fix: Hoist Manager, Mechanic, and Assessor out of Sheet 1 Block Scope","Done","99ffb1a","prototype_process","Antigravity QA","Resolved runtime ReferenceError: manager is not defined when exporting official .xlsx by hoisting manager, mechanic, and assessor to top outer scope of exportOfficialXLSX alongside sa; preserved default fallbacks and multi-sheet injection into Job_Order and Quotation copy sheets; added Suite 43 tests (AUT-FRONT-92); 106/106 tests passing; cache buster v=2.71."
"REV-116","2026-09-21","HonTech QA & Capstone Team","Service Advisor & All Roles","2025 RO Studio Follow-Along Sticky PDF Preview","SA Studio Follow-Along Sticky PDF Preview & Viewport Height Across All 4 Sheets (Job_Order, Quotation, Billing, Checklist)","Done","4ea5975","prototype_process","Antigravity QA","Upgraded canvas panes across all 4 worksheets with xl:sticky xl:top-14 xl:self-start enabling seamless follow-along scrolling as SA navigates lengthy form inputs; upgraded PDF viewer containers to adaptive h-[calc(100vh-8.5rem)] min-h-[580px] preventing viewport clipping; added Suite 44 tests (AUT-FRONT-93); 107/107 tests passing; cache buster v=2.72."
"REV-117","2026-09-21","HonTech QA & Capstone Team","Service Advisor & All Roles","2025 RO Studio Typography & Formatting Ground Truth","SA Studio PDF Typography & Non-Bold Formatting Alignment with Excel Template (Arial 9-10pt bold=False, Grand Total Emphasized)","Done","fe13344","prototype_process","Antigravity QA","Aligned PDF text sizes and non-bold weights with ground-truth Excel template across all 4 worksheets (Job_Order, Quotation_No, Billing_No, CheckList_Result); rendered customer dossier, vehicle data, item prices, subtotals, and personnel signatures in clean regular non-bold font matching Excel template cells; preserved bold emphasis on Grand Totals and Row 14 banner for audit clarity; added Suite 45 tests (AUT-FRONT-94); 108/108 tests passing; cache buster v=2.73."
"REV-118","2026-09-21","HonTech QA & Capstone Team","Service Advisor & All Roles","2025 RO Studio V1 Excel Template Migration","Migration to Current_2025 BLANK RO UPDATED_V1.xlsx as Official Export Template with Dynamic Sheet 7 Formula Preservation","Done","80e8f49","prototype_process","Antigravity QA","Migrated official Excel export loader to Current_2025 BLANK RO UPDATED_V1.xlsx; aligned Sheet 7 (CheckList_Result) coordinate injection with V1 layout (C2 Customer Name, AD2 Date, C3 Plate No, C4 Model, M59 SA, M63 Conforme, M41 Remarks); preserved native OpenXML formulas linking to Job_Order cells with cached values; preserved multi-layer OpenXML sheet protection (DB3E) and full calculation on load; added Suite 46 tests (AUT-FRONT-95); 109/109 tests passing; cache buster v=2.74."
"Task_ID","Date_Requested","Requested_By","Target_Role","Module_Section","Specification_Task","Implementation_Status","Git_Commit","Git_Branch","Verified_By","Implementation_Remarks"
"REV-001","2026-08-27","HonTech QA & Capstone Team","Assistant & SA","Master Queue","Move modules to the second level, under 'Online Booking Form'","Done","5711609","branch2-Security-Account-Recovery","Antigravity QA","Updated buildNavbar for Assistant role to place Online Booking 1st and Master Queue 2nd in sidebar hierarchy."
"REV-002","2026-08-27","HonTech QA & Capstone Team","Assistant & SA","Customer History and Back-Job Lookup","Fix branch name display (e.g., 'Makati Branch' / 'Regalado' - pangalan is cut off)","Done","5711609","branch2-Security-Account-Recovery","Antigravity QA","Replaced outdated branch references with 'Regalado Branch' and added responsive badge classes to prevent text truncation."
"REV-003","2026-08-27","HonTech QA & Capstone Team","Assistant & SA","Customer History and Back-Job Lookup","Clarify/remove 'Clear' button ('Ano ang purpose ng clear? Diba pag pinalitan talaga mawawala')","Done","5711609","branch2-Security-Account-Recovery","Antigravity QA","Connected to clearCustomerLookupSearch() to provide 1-click search and filter reset back to the full customer list."
"REV-004","2026-08-27","HonTech QA & Capstone Team","Assistant & SA","Customer History and Back-Job Lookup","Move under 'Fast Intake Dispatch'","Done","5711609","branch2-Security-Account-Recovery","Antigravity QA","Embedded Fast Intake Dispatch action card directly inside the active Customer Dossier view."
"REV-005","2026-08-27","HonTech QA & Capstone Team","Assistant & SA","Back-Job (Warranty)","Remove the word 'warranty' (It is the company's decision if it's free/covered or not)","Done","5711609","branch2-Security-Account-Recovery","Antigravity QA","Renamed button to 'Back-Job Return Intake' to reflect company discretionary warranty and cost evaluation upon bay inspection."
"REV-006","2026-08-27","HonTech QA & Capstone Team","Assistant & SA","Back-Job (Warranty)","Change button behavior: Pressing it should not go directly to 'Online Booking Form'. It must ask for 'Reasons' first.","Done","5711609","branch2-Security-Account-Recovery","Antigravity QA","Button now triggers #modal-backjob-reason first to capture customer complaint, category, and odometer before form dispatch."
"REV-007","2026-08-27","HonTech QA & Capstone Team","SA","Customer History & Back-Jobs","Apply the exact same revisions as the Assistant role","Done","5711609","branch2-Security-Account-Recovery","Antigravity QA","Customer Lookup and Back-Job intake workflow are shared identically across Assistant and Service Advisor roles."
"REV-008","2026-08-27","HonTech QA & Capstone Team","SA","Bay Status (Capacity Configuration)","Current setup is okay, but add a setting allowing them to add more than 20 bays in the future.","Done","5711609","branch2-Security-Account-Recovery","Antigravity QA","Implemented promptCustomBayCount() and flexible capacity scaling supporting 2 to 50 active service bays."
"REV-009","2026-08-27","HonTech QA & Capstone Team","SA","Daily Intakes","SA should be the one to claim the vehicle (Note marked as 'goods na' / Done)","Done","5711609","branch2-Security-Account-Recovery","Antigravity QA","Added 'Assign to Me' single-owner claim with ticket takeover handover dialog (#modal-ticket-takeover) for absent advisors."
"REV-010","2026-08-27","HonTech QA & Capstone Team","Administrator","Bay Capacity","When Admin adjusts capacity, the SA should not be able to change the active bays.","Done","5711609","branch2-Security-Account-Recovery","Antigravity QA","Capacity configuration card is hidden for SAs with strict RBAC guards preventing non-admin adjustments."
"REV-011","2026-08-27","HonTech QA & Capstone Team","Administrator","Bay Capacity","Allow editing to whatever number of bays the company decides.","Done","5711609","branch2-Security-Account-Recovery","Antigravity QA","Admin has unrestricted control to configure capacity from 2 up to 50 bays via presets and custom dialog."
"REV-012","2026-08-27","HonTech QA & Capstone Team","Owner","Capacity Configuration","Remove ability to change capacity. Owner should only have 'View Only' access for this.","Done","5711609","branch2-Security-Account-Recovery","Antigravity QA","Capacity sliders are hidden for Owner; Owner sees a 100% read-only workshop floor grid."
"REV-013","2026-08-27","HonTech QA & Capstone Team","Owner","Customer Lookup","Remove Customer Lookup from Owner. They should only receive data (Analytics only).","Done","5711609","branch2-Security-Account-Recovery","Antigravity QA","Removed Customer Lookup from Owner navigation sidebar."
"REV-014","2026-08-27","HonTech QA & Capstone Team","Owner","Analytics","Add Customer Data Backjobs to Analytics.","Done","5711609","branch2-Security-Account-Recovery","Antigravity QA","Integrated Customer Back-Job Return Intelligence tab with return rates, root causes, and repeat repair audit table in Owner Analytics."
"REV-015","2026-08-28","HonTech QA & Capstone Team","SA & Assistant","Daily Intakes / Workshop Bays","Lock Bay selection while status is 'Waiting'; unlock Bay assignment only when status is 'Monitoring'.","Done","18eb781","branch2-Security-Account-Recovery","Antigravity QA","Locked location/bay dropdown when status is Waiting (displays Waiting Area lock badge). Transitioning to Monitoring unlocks bay allocation. Rollback to Waiting auto-resets bay to Waiting Area."
"REV-016","2026-08-28","HonTech QA & Capstone Team","SA & Admin","Workshop Capacity & Bay Management","Upgrade bay status cards with live status badges (Monitoring/In Progress/Ready), smart plate deep-linking to Daily Intakes, and clean unassign flow.","Done","1e785f9","branch2-Security-Account-Recovery","Antigravity QA","Replaced static IN SERVICE badge with dynamic status badges. Added jumpToJobRecord(plate) to View Record button and unassignBay helper with live floor synchronization."
"REV-017","2026-08-28","HonTech QA & Capstone Team","Admin & SA","Workshop Capacity & Bay Settings","Clarify Administrator Max Bay Ceiling in Settings vs Service Advisor (SA) floor bay scaling on live floor.","Done","Pending","branch2-Security-Account-Recovery","Antigravity QA","Admin sets facility max bay ceiling (10 to 50 bays) in Settings. Service Advisor operates active floor bay scaling (2 to Admin ceiling) on the live workshop floor. Owner is 100% view-only."
"REV-018","2026-08-30","HonTech QA & Capstone Team","All Roles & TV Display","TV Monitor & Workshop Audio","Implement Automated TV Voice Announcement System (Web Speech API) and TV Developer Toolbox Simulation Deck.","Done","Pending","branch2-Security-Account-Recovery","Antigravity QA","Integrated client-side Web Speech Synthesis that plays airport-style chime and announces customer name, plate number, and assigned bay when vehicles are moved to Monitoring or Ready. Preserved clean public TV header and placed all simulation controls inside a discrete TV Developer Toolbox modal."
"REV-019","2026-09-05","HonTech QA & Capstone Team","Owner & Admin","Executive Analytics & Audit","Add Centralized 'Audit Logs & Handovers' Module to Executive Analytics Dashboard with CSV Export.","Done","d384716","branch2-Security-Account-Recovery","Antigravity QA","Added 6th executive dashboard sub-tab (#db-tab-audits) with live telemetry cards (total events, takeovers, delay reasons), real-time action filtering, searchable log records, and 1-click CSV export."
"REV-020","2026-09-05","HonTech QA & Capstone Team","Owner & Admin","Operational Reports & Express Delays","Streamline Category Intakes to 4 core types (PMS, GRS, PMS & GRS, Others), remove planned/variance/peak-hour metrics, and simplify Express Delays module into clean direct insights draft.","Done","c945d9d","branch2-Security-Account-Recovery","Antigravity QA","Refactored db-tab-reports to strictly 4 categories without target plan or variance numbers; removed 4 legacy top cards and peak hour capacity; simplified db-tab-express into a clean 4-stat metric strip, 2-column cause breakdown & diagnostic insights deck, and overrun incident log."
"REV-021","2026-09-05","HonTech QA & Capstone Team","Owner & Admin","QC & Back-Jobs & Express Delays","Fix blank screen on QC & Back-Jobs tab and streamline SA Delay Reports Table without duplicate DOM elements.","Done","9e708d0","branch2-Security-Account-Recovery","Antigravity QA","Fixed stray duplicate table tags and unclosed wrappers in index.html that caused db-tab-backjobs to break; enhanced renderBackJobIntelligenceModule with robust multi-layer fallback to allJobs and analyticsJobs; auto-loads on tab switch if dataset is pending."
"REV-022","2026-09-05","HonTech QA & Capstone Team","Owner & Admin","Audit Logs & Handovers","Fix runtime exception on Audit Logs and Handovers tab caused by undefined escapeHtml and duplicate formatFieldName.","Done","4ecae8b","branch2-Security-Account-Recovery","Antigravity QA","Defined global escapeHtml and formatFieldName helpers at the top of app.js; removed duplicate function declaration; bumped script cache buster to v=5.01."
"REV-023","2026-09-05","HonTech QA & Capstone Team","All Roles","Account Profile & System-wide Identity","Make user identity display shared full names across navbar, dropdown, and job logs; add dynamic Edit Full Name capability in Account Settings.","Done","3025f03","branch2-Security-Account-Recovery","Antigravity QA","Updated database seed users to proper full names (e.g. Mark Bautista, Adrian Mendoza, Engr. Antonio Honrado); added PUT /api/auth/profile/name endpoint; added Edit Full Name modal and real-time synchronization across top header, sidebar, profile dropdown, and Account Settings cards."
"REV-024","2026-09-06","HonTech QA & Capstone Team","All Roles & TV Display","Status Workflow, TV Announcements & Dev Tools","Streamline status workflow (Waiting -> Monitoring, remove bay restrictions, preserve Monitoring on Waiting Area select, purge In Progress), implement customer-mention TV banners and voice announcements for 5 operational events, and provide dedicated TV module Developer Tools.","Done","Pending","branch2-Security-Account-Recovery","Antigravity QA","Eliminated In Progress from backend controllers, seeds, and frontend views. Status now defaults to Waiting and transitions to Monitoring, where bays can be assigned freely or set to Waiting Area while remaining in Monitoring. Upgraded TV notification banner and Web Speech announcements to explicitly announce customer name, vehicle, and plate across Monitoring, Bay Allocation, Ready to Release, Carry Over, and Return to Active. Added collapsible TV Developer Simulation Drawer directly on the TV Module and inside the Ctrl+D Dev Toolbox."
"REV-025","2026-09-06","HonTech QA & Capstone Team","All Roles & TV Display","TV UI & Selection Cards Design Polish","Elevate the 5 event selection controls and TV Alert HUD banner into a human-crafted, professional automotive dealership design standard.","Done","Pending","branch2-Security-Account-Recovery","Antigravity QA","Redesigned the 5 selection cards in the TV Dev Drawer and Ctrl+D Developer Toolbox with dark slate telemetry styling, monospace step indicators, status-themed icon badges, and concise enterprise subtitles. Replaced bouncy gradient alert banners with an authentic Philippine license plate HUD broadcast banner featuring animated audio equalizer bars, customer callouts, and location metadata pills."
"REV-033","2026-09-06","HonTech QA & Capstone Team","All Roles & TV Display","Daily Intakes Live Status & Location Announcements","Connect Daily Intakes table status dropdowns, bay location selectors, and carryover modals directly to audio chimes, voice speech TTS, and the Red-White-Red TV alert plaque.","Done","Pending","branch2-Security-Account-Recovery","Antigravity QA","Wired updateJobField location changes, setJobStatus transitions (Monitoring, Ready, Carry Over, Return Active), and submitCarryoverDetails to automatically trigger Web Speech voice announcements and the on-screen Red-White-Red TV notification plaque with specific vehicle model and plate details."
"REV-034","2026-09-07","HonTech QA & Capstone Team","SA & Assistant","Daily Intakes & Lane Selection","Fix Service Advisor lane selection reverting to default in Daily Intakes and Intake forms.","Done","Pending","branch2-Security-Account-Recovery","Antigravity QA","Directly connected Daily Intakes lane selector to handleTableLaneChange and updateJobField without blocking audit prompt; added full-spectrum normalizeLaneType mapping across backend normalization, createJob, updateJobField, and frontend table rendering to persist Express, Flexible, Special, and Priority lanes reliably."
"REV-035","2026-09-07","HonTech QA & Capstone Team","SA & Assistant","Daily Intakes & Carry-Over Restoration","Fix ReferenceError on isMonitoringOrActive blocking Daily Intakes and Carry-Over table rendering; remove redundant Search Customer / Back-Job button from Daily Intakes container.","Done","Pending","branch2-Security-Account-Recovery","Antigravity QA","Corrected variable reference in renderStaffTables location column to isMonitoring, restoring live records display across Daily Intakes and Carry-Over; removed extraneous Search Customer / Back-Job button from the Daily Intakes card header."
"REV-036","2026-09-07","HonTech QA & Capstone Team","All Roles (SA, Asst, Owner, Admin)","Carry-Over Board DOM Fix, Data Recovery & Alignment","Fix missing closing div tag in Daily Intakes header that nested Carry-Over container inside Daily Intakes causing innerHTML to wipe it out; recover 3 active Carry-Over records in seed; align 10 table columns with Service Advisor badge.","Done","Pending","branch2-Security-Account-Recovery","Antigravity QA","Corrected unclosed flex div in index.html line 2885, restoring container-carry-over as an independent sibling card in section-queue; added carry_over_status to seed schema and populated WLK-2003, WLK-2025, WLK-2026; added Service Advisor cell in app.js table-carry-over template; bumped script cache version to v=5.26."
"REV-037","2026-09-07","HonTech QA & Capstone Team","All Roles (SA, Asst, Owner, Admin)","Daily Intakes Expanded Rows & Increased Table Scroll Height","Populated 8 additional active vehicle intake records with diverse SAs, lanes, and statuses in database seed; increased Daily Intakes table scroll area from 420px to 580px to display more concurrent rows comfortably.","Done","Pending","branch2-Security-Account-Recovery","Antigravity QA","Added 8 realistic active intake vehicles (WLK-2027 through WLK-2034) across PMS, GRS, and Others with realistic evaluations, arrival times, and workshop bays; increased table container max-h from 420px to 580px in app.js and index.html; bumped script version to v=5.27."
"REV-038","2026-09-07","HonTech QA & Capstone Team","All Roles (Owner, Admin, SA, Assistant)","Owner & Admin Workshop Bay Capacity Authority Enforcement","Enforce Owner and Administrator authority to configure the active workshop/TV bay capacity; bind Service Advisors (SAs) strictly to the configured bay limit (1 to N) in Daily Intakes Monitoring bay allocation.","Done","Pending","branch2-Security-Account-Recovery","Antigravity QA","Restricted capacity configuration controls (steppers, dropdowns, presets, custom ceiling) in section-bays strictly to Owner and Administrator; added read-only Authority Bay Limit card for SAs; bounded Daily Intakes Monitoring Location dropdown dynamically to exactly Bay 1 through Bay N configured by Owner/Admin; updated TV monitor grid and bumped script version to v=5.28."
"REV-039","2026-09-07","HonTech QA & Capstone Team","Service Advisor, Owner, Admin","Service Advisor Bay Operating Rules Board & Hard Boundary Enforcement","Display comprehensive Workshop Bay Operating Rules & Policy Board for SAs in Bay Status and Daily Intakes header; enforce strict server/client boundary ensuring SAs can only choose from bays set by Owner/Admin.","Done","Pending","branch2-Security-Account-Recovery","Antigravity QA","Added 4-rule Workshop Bay Operating Rules & Policy Board in section-bays for SAs (Capacity Ceiling, SA Boundary, Daily Intakes Sync, Live TV Broadcast); added Authorized Bay Rule indicator pill to Daily Intakes header; added hard location validation in updateJobField and openBayAllocationModal preventing selection outside active bays; bumped script version to v=5.29."
"REV-040","2026-09-07","HonTech QA & Capstone Team","Service Advisor, Owner, Admin","SA Daily Active Bay Selection Capability within Owner/Admin Ceiling","Empower Service Advisors to choose the active workshop bay count for today (1 to N) on the module while strictly respecting and enforcing the facility ceiling set by the Owner/Admin.","Done","Pending","branch2-Security-Account-Recovery","Antigravity QA","Granted SAs active access to capacity controls (stepper, dropdown, quick presets, custom prompt) in section-bays; bounded all SA scaling options strictly to the Owner/Admin facility ceiling; updated Daily Intakes header and Location dropdowns to follow the SA's daily active choice; bumped script version to v=5.30."
"REV-041","2026-09-07","HonTech QA & Capstone Team","Owner, Admin, Service Advisor","Admin Full Capacity Config vs SA Single Selection Bar UI Separation","Differentiate Workshop Bay Management UI between Admin/Owner (full Floor Capacity Configuration with quick presets chips 2-20 bays and custom ceiling prompt) and Service Advisor (streamlined single Total Active Bays selection bar with stepper and dropdown 1 to N bounded by Admin).","Done","Pending","branch2-Security-Account-Recovery","Antigravity QA","Created #bays-admin-control-card with full preset chips and ceiling tools for Owner/Admin, and #bays-sa-control-card with clean Total Active Bays selection bar for SA; synced buildNavbar RBAC and initWorkshopBaySettings to handle both controls; bumped script version to v=5.31."
"REV-042","2026-09-07","HonTech QA & Capstone Team","Service Advisor, Admin, Owner","Relocate Authorized Bay Rule Pill to Bay Status Module","Remove the Authorized Bay Rule pill from the Daily Intakes table header to keep Daily Intakes focused strictly on vehicle queue rows, and position the Authorized Bay Rule badge directly inside the SA's Bay Status module control card.","Done","Pending","branch2-Security-Account-Recovery","Antigravity QA","Purged Authorized Bay Rule pill from renderStaffTables dailyIntakesEl header; added dynamic #sa-bays-rule-pill-range and #sa-bays-rule-pill-ceiling inside #bays-sa-control-card in section-bays; updated initWorkshopBaySettings; bumped script cache version to v=5.32."
"REV-043","2026-09-07","HonTech QA & Capstone Team","Service Advisor, Admin, Owner","Purge Authorized Bay Rule Badge & Enable Visible SA Active Bay Selection Bar","Completely remove the Authorized Bay Rule badge from UI; fix hidden state and ensure #bays-sa-control-card is cleanly visible and functional for Service Advisors in Bay Status with steppers and 1 to N dropdown bounded by Admin/Owner ceiling.","Done","Pending","branch2-Security-Account-Recovery","Antigravity QA","Purged Authorized Bay Rule badge and #bays-sa-readonly-card completely; removed hardcoded hidden class from #bays-sa-control-card; added updateBayControlsVisibility to reliably toggle #bays-admin-control-card vs #bays-sa-control-card across buildNavbar, initWorkshopBaySettings, renderWorkshopBaysModule, and showSection; bumped script cache version to v=5.33."
"REV-044","2026-09-07","HonTech QA & Capstone Team","Owner, Admin, Service Advisor","Admin/Owner Facility Ceiling Rule Sync & SA 1-to-N Dynamic Bound Enforcement","Ensure Admin/Owner capacity selections dynamically set the facility ceiling rule (e.g. 6 bays), strictly bounding the SA's active bay selection to 1 through that ceiling (1-6 bays), with SA able to freely choose operational count within that bound without altering Admin's ceiling.","Done","Pending","branch2-Security-Account-Recovery","Antigravity QA","Updated handleWorkshopBayCountChange and setFacilityMaxBayLimit so Admin/Owner choices establish the facility ceiling (stored in hontech_max_bay_limit and defaulting to 6) while SA choices adjust hontech_workshop_bay_count bounded strictly 1 to N; updated Admin preset chips and dropdown to allow full ceiling control; updated SA dropdown and steppers to dynamically bind to ceiling; bumped script cache version to v=5.34."
"REV-045","2026-09-10","HonTech QA & Capstone Team","Service Advisor, Admin, Owner","Excel-Style Multi-Sheet Tabs & Form 2/3 Quotation Studio","Implement Excel-style workbook bottom tab bar to switch seamlessly between Form 1/3 (Job Order) and Form 2/3 (Quotation) with 100% physical template replication, 30-row parts/labor matrix, BIR 12% VAT engine, shared customer dossier sync, and isolated single-page print engine.","Done","Pending","prototype_process","Antigravity QA","Added #form-sheet-tab-bar inside section-form13; built Form 2/3 smart editor and 1:1 physical quotation canvas matching official client template with 30-row matrix and 4 Terms & Conditions; integrated shared dossier sync between Form 1/3 and 2/3; bumped script cache version to v=5.47."
"REV-046","2026-09-10","HonTech QA & Capstone Team","Service Advisor, Admin, Owner","Excel Workbook Sheet Tab Bar Full-Width UI Overhaul & DOM Repair","Resolve squished vertical tab button rendering by fixing unclosed 12-column grid in Form 1/3 DOM; redesign #form-sheet-tab-bar to full-width (1519px) responsive layout with whitespace-nowrap, horizontal scroll controls, jump select, and active/inactive sheet transitions.","Done","Pending","prototype_process","Antigravity QA","Fixed unclosed div hierarchy in section-form13; redesigned Excel workbook tab bar with full-width dark slate container, scroll navigation arrows, Sheet 1/2/3 tabs with whitespace-nowrap, live dossier tag, and fast-jump dropdown; upgraded switchFormStudioSheet; bumped script cache version to v=5.48."
"REV-047","2026-09-10","HonTech QA & Capstone Team","Service Advisor, Admin, Owner","100% Google Sheets Bottom Sheet Tab Bar Replication","Replicate client's authentic shop operations spreadsheet bottom tab bar: plus button, all sheets hamburger menu with popover, vertical separator, 12 authentic shop sheets (Job_Order, Sheet2, Sheet1, QUOTE, BILLING [active Google blue #e8f0fe], BILLING 2, CHECKLIST, CASH AD, OEF, Acknowledgement, LIQUIDATION, Daily Summary) with carets and horizontal scroll arrows.","Done","Pending","prototype_process","Antigravity QA","Replaced dark slate container with authentic Google Sheets bottom tab bar; wired allFormWorkbookSheets registry; built toggleAllSheetsMenu and handleCustomSheetClick; bumped script cache version to v=5.49."
"REV-048","2026-09-10","HonTech QA & Capstone Team","Service Advisor, Admin, Owner","Purge Temporary Sheets (Sheet1, Sheet2, BILLING 2) from Workbook Bar","Remove temporary placeholder sheets Sheet1, Sheet2, and BILLING 2 per client instruction, keeping only the 9 authentic selected operational sheets (Job_Order, QUOTE, BILLING, CHECKLIST, CASH AD, OEF, Acknowledgement, LIQUIDATION, Daily Summary).","Done","Pending","prototype_process","Antigravity QA","Removed Sheet1, Sheet2, and BILLING 2 from index.html and allFormWorkbookSheets array; updated all-sheets dropdown counter to 9; bumped script cache version to v=5.50."
"REV-049","2026-09-10","HonTech QA & Capstone Team","Service Advisor, Admin, Owner","Form 3/3 Billing Studio (35-Row Matrix & 12% BIR VAT Engine)","Implement Form 3/3 Official Billing & Cashier Invoice Studio replicating official physical document template; 35-row matrix with authentic 0.00 zero-suppression on empty rows; BIR 12% VAT engine; 1-click Copy from Quote import; 3-way shared customer & vehicle dossier sync across Forms 1, 2, and 3; isolated single-page iframe print engine; integrated into Google Sheets bottom workbook bar under BILLING tab.","Done","Pending","prototype_process","Antigravity QA","Built #view-sheet-billing with left SA smart editor and right 1:1 physical sheet; implemented 35-row matrix, 12% VAT calculations, copyQuoteToBilling, syncDossierToForm33, printForm33, and switchFormStudioSheet; bumped script cache version to v=5.51."
"REV-050","2026-09-10","HonTech QA & Capstone Team","Service Advisor, Admin, Owner","Form 4 Multi-Point Vehicle Intake Inspection Checklist Studio (CHECKLIST RESULT)","Implement Form 4 Multi-Point Vehicle Intake Inspection Checklist Studio replicating the shop's physical inspection sheet; 3-tier rating engine (Green/Yellow/Red) with quick presets; 4 categories (Interior/Exterior, Battery Performance with ED-18 reference, Under Hood, Under Vehicle); Tire tread depth & inflation PSI inputs; Brake pad thickness & exemption toggle; Interactive 4-view vehicle damage diagram mapper; 1:1 physical sheet canvas; 4-way dossier sync with Form 1/3, 2/3, and 3/3; isolated single-page iframe print engine; integrated into Google Sheets bottom tab bar under CHECKLIST tab.","Done","Pending","prototype_process","Antigravity QA","Built #view-sheet-checklist split studio with smart editor and 1:1 physical canvas matching uploaded template; implemented 3-tier rating toggles, damage pin mapper, tire/brake matrix, syncDossierToChecklist, printChecklist, and switchFormStudioSheet; bumped script cache version to v=5.52."
"REV-051","2026-09-10","HonTech QA & Capstone Team","Service Advisor, Admin, Owner","Form 5 Cash Advance Voucher & Ledger Studio (CASH ADVANCE)","Implement Form 5 Cash Advance Voucher & Ledger Studio replicating official physical document template; 30-row ledger matrix with subheaders (CASH ISSUED: Date, By; AMOUNT: Rec'd, Carried Over, Total; Expenses Incurred; Balance/Cash On Hand; Remarks); running cumulative balance engine; Page 2 auditing reminders box; signatory matrix (Received By, Issued By, Approved/Audited By); isolated single-page A4 print engine; integrated into Google Sheets bottom workbook bar under CASH AD tab.","Done","Pending","prototype_process","Antigravity QA","Built #view-sheet-cashad split studio with smart voucher editor and 1:1 physical ledger canvas; implemented cumulative running balance calculations, loadSampleCashAdvance, resetCashAdvanceForm, printCashAdvance, and switchFormStudioSheet; bumped script cache version to v=5.53."
"REV-052","2026-09-10","HonTech QA & Capstone Team","Service Advisor, Admin, Owner","Main Content DOM Hierarchy Repair & Multi-Sheet Custom Studio Engine (OEF, Acknowledgement, LIQUIDATION, Daily Summary)","Repair unclosed div hierarchy in section-form13 preventing subsequent sections (section-intake through section-support) from being ejected from #main-content into BODY; build universal interactive Custom Sheet Studio & 1:1 physical sheet document canvas for remaining Google Sheets tabs (OEF, Acknowledgement, LIQUIDATION, Daily Summary); wire CASH AD to switchFormStudioSheet; enable dynamic row additions, sample loading, inline cell edits, real-time KPI calculations, and single-page A4 print engine.","Done","Pending","prototype_process","Antigravity QA","Restored strict DOM balance (opens=closes) across all 11 navigation modules in #main-content; created #view-sheet-custom with left editor pane and right 1:1 physical document canvas; implemented customSheetDataStore with tailored schemas and realistic records for OEF, Acknowledgement, LIQUIDATION, and Daily Summary; updated handleCustomSheetClick, renderCustomSheet, syncCustomSheetCanvas, handleCustomSheetRowInput, addCustomSheetRow, removeCustomSheetRow, loadCustomSheetSample, and printCustomSheet; bumped script cache version to v=5.54."
"REV-053","2026-09-14","HonTech QA & Capstone Team","Service Advisor, Assistant, Owner, Admin","Queue Calendar Date Filtering, Next-Day Auto-Reset & Historical Recall across 3 Tables","Model after prototype_skipped.html staff module to introduce calendar-based filtering across Online Booking Queue, Daily Intakes Master Queue, and Carry-Over Board; auto-clear previous day intake records when advancing to tomorrow; enable instant historical recall for past dates with diagnoses, arrival, and departure; preserve unresolved carry-over vehicles with All Active, Promised Date, and Intake Date modes.","Done","7e1c0b3","prototype_process","Antigravity QA","Added #online-date-filter, Intake Calendar Toolbar with day steppers and Show All Dates, and 3-mode Carry-Over filter toolbar; updated renderStaffTables with getJobDate normalization and date filtering; bumped script cache version to v=5.55."
"REV-054","2026-09-14","HonTech QA & Capstone Team","All Roles & Developer","Developer Testing Console Relocation to Ctrl+D Developer Toolbox & UI Redesign","Relocate Queue Date Time Machine simulation controls from permanent on-screen clutter in section-queue into the Ctrl+D Developer Toolbox modal; redesign modal UI with max-w-3xl, high-contrast steppers (-1 Day, Today, +1 Day, Jump Date), 1-click multi-day test dataset generator, purge tool, and live telemetry counter cards; add smart alert banner in section-queue that appears only during active simulation.","Done","2164b79","prototype_process","Antigravity QA","Integrated Queue Date Time Machine category into #dev-toolbox-modal (Ctrl+D); added #dev-sim-active-banner in section-queue; updated HontechDevDateSimulator and updateDevSimulationTelemetry; bumped script cache version to v=5.56."
"REV-055","2026-09-14","HonTech QA & Capstone Team","Development & Architecture","Google Auth, Supabase & Vercel Cloud Migration Documentation","Document organized cross-repository integration workflow and architectural rules for Google OAuth, Supabase database schemas, and Vercel serverless deployment aligned with CapstoneOfficial2_Part3_Hontech_Cloud_GoogleAuth_Production.","Done","2164b79","prototype_process","Antigravity QA","Authored comprehensive architectural guides and added .agents/skills/hontech-vercel-supabase/SKILL.md to standardize cloud deployment."
"REV-056","2026-09-14","HonTech QA & Capstone Team","Service Advisor, Assistant, Owner, Admin","Wireless Smart TV Monitor via Direct Link & PIN Authentication","Make TV Monitor accessible to actual Smart TVs wirelessly without HDMI cables; enable SA/Staff to activate/deactivate broadcast session from Staff TV Broadcast Hub modal; generate active link, 4-digit PIN, 1-click auto-login link (?pin=XXXX), and dynamic QR code; build standalone TV kiosk app (tv.html) with PIN lock screen, standby screen with auto-wakeup, and active 3-slide cinema monitor with live 6s data polling and voice audio alerts.","Done","a98bdfa","prototype_process","Antigravity QA","Created standalone kiosk app frontend/tv.html with on-screen numeric keypad and standby auto-polling; added TV routes in router.php; added backend/tv_session.json and REST endpoints GET /tv/session, POST /tv/session, POST /tv/verify-pin in backend/index.php; added Staff TV Broadcast Hub modal (#modal-tv-broadcast-hub) and HontechTVBroadcastManager in app.js; bumped cache version to v=5.57."
"REV-057","2026-09-14","HonTech QA & Capstone Team","All Roles (Owner, Admin, SA, Assistant)","TV Monitor Direct Launch & Control Hub Navigation Integration","Wire TV Monitor navigation buttons across all 4 roles to launch the new TV Monitor Launch & Control Hub modal (#modal-tv-broadcast-hub) with a clear two-path dependable flow: Option 1 (Direct 1-Click Launch on local PC/display kiosk) and Option 2 (Wireless Smart TV broadcast switch, URL, PIN, and QR code); add mode=tv query parameter redirect to tv.html; bump cache version to v=5.58.","Done","73ea7e6","prototype_process","Antigravity QA","Updated buildNavbar in app.js to include TV Monitor for Owner and Admin; updated launchTVMode to invoke openTVBroadcastHubModal; enhanced modal-tv-broadcast-hub layout in index.html with Option 1 Local Kiosk and Option 2 Smart TV Wireless; added launchDirectKiosk and viewInAppMonitor in HontechTVBroadcastManager; bumped script version to v=5.58."
"REV-058","2026-09-14","HonTech QA & Capstone Team","Service Advisor, Assistant, Owner, Admin","Staff TV Manual Activation & Password Revelation Flow","Refine TV Monitor flow to match physical workshop process: TV starts in Offline/Standby mode; staff clicks 'Make TV Live Now' on dashboard to generate active broadcast link and 4-digit security PIN; staff manually opens TV browser, navigates to link, and enters PIN via TV remote; added startLiveBroadcast, stopLiveBroadcast, and two-state view management (Offline vs Live) in HontechTVBroadcastManager; updated tv.html with auto-polling standby wakeup; updated ApiResponse badRequest helper; bumped cache version to v=5.60.","Done","8da9832","prototype_process","Antigravity QA","Implemented two-state UI (#tv-hub-state-offline and #tv-hub-state-live) in modal-tv-broadcast-hub; added startLiveBroadcast and stopLiveBroadcast in app.js; added standby polling in tv.html; ensured default session starts offline; bumped cache buster to v=5.60."
"REV-059","2026-09-14","HonTech QA & Capstone Team","Service Advisor, Assistant, Owner, Admin","Unified TV Display Hub: Two-Method Flow (Live Stream vs HDMI Cable)","Implement unified flow popup when pressing TV Monitor with prominent two-method selector: Method 1 (Live Wireless Smart TV via Wi-Fi with 'Make TV Live Now' button revealing link & 4-digit password) and Method 2 (Direct HDMI Cable Mode with 3-step physical setup checklist, Win+P Extend guide, and 1-click HDMI Cinema Kiosk launch); added switchMethod and launchHDMIKiosk in HontechTVBroadcastManager; added kiosk param handling in tv.html; bumped cache buster to v=5.61.","Done","114669c","prototype_process","Antigravity QA","Restructured modal-tv-broadcast-hub with top method switcher deck (tab-tv-method-live and tab-tv-method-hdmi); implemented panel-tv-method-live and panel-tv-method-hdmi; added switchMethod and launchHDMIKiosk in app.js; bumped cache buster in index.html to v=5.61."
"REV-060","2026-09-14","HonTech QA & Capstone Team","All Roles (Owner, Admin, SA, Assistant)","In-App Dedicated TV Module & Industry-Standard Developer Suite (Ctrl+D)","Overhauled Developer Suite (Ctrl+D) and loader theme modal to follow industry-standard clean white light layout modeled directly after the runtime exception crash modal with balanced 2-column diagnostics, MariaDB database reset, network fault simulation, crash overlay test, and date time machine; bumped cache buster to v=5.63.","Done","a3a0f44","prototype_process","Antigravity QA","Upgraded #dev-toolbox-modal and #loader-theme-modal with clean light UI matching showCrashOverlay; fixed leading DOCTYPE syntax in tv.html; bumped cache buster to v=5.63."
"REV-061","2026-09-14","HonTech QA & Capstone Team","All Roles (Owner, Admin, SA, Assistant)","Restoration of 3-Slide Interactive TV Monitoring UI (Bays, Queue, Lanes)","Restored full in-app TV monitoring experience with original 3 auto-rotating slides (#tv-slide-1 Active Bay Monitoring, #tv-slide-2 Queue & Release Status, and #tv-slide-3 Workshop Lanes Monitoring); preserved top service banner with date, weather widget, live digital clock, and 3 slide switcher dots; retained collapsible TV Developer Announcement Simulator drawer (#tv-dev-drawer) with voice synthesis; added top-level 'Wireless & HDMI Cast' button (#tv-btn-cast-modal) opening the dedicated broadcast pairing hub modal (#modal-tv-broadcast-hub) for external Smart TVs; bumped script cache version to v=5.64.","Done","94027b4","prototype_process","Antigravity QA","Restored #section-tv structure with 3 slides in index.html; re-introduced modal-tv-broadcast-hub dialog for Smart TV / HDMI casting; updated showSection('tv') in app.js with title 'Service Monitor · Waiting Lounge TV' and jumpToTVSlide(0); verified with 100% test pass and automated visual screenshots; bumped cache buster to v=5.64."
"REV-062","2026-09-14","HonTech QA & Capstone Team","All Roles (Owner, Admin, SA, Assistant)","Professional White UI Restoration for Control Modules & TV Cast Hub Modal","Redesigned the TV Monitor Display Hub modal (#modal-tv-broadcast-hub) and related module dialogs to use the clean, professional high-contrast white UI directly modeled after the runtime exception dialog (showCrashOverlay), while strictly preserving the dark cinematic theme of the 3 TV monitoring slides (#section-tv: Bays, Queue, Lanes); features white cards, segmented method toggle, emerald live status indicators, amber HDMI checklist cards, and high-contrast monospace badges; verified tag balance and end-to-end visual tests; bumped script cache version to v=5.65.","Done","253c48d","prototype_process","Antigravity QA","Restructured modal-tv-broadcast-hub with white container, border-gray-200, high-contrast text, red status dot, and styled inputs/buttons matching showCrashOverlay; preserved section-tv slides intact (68/68 div balance); passed 100% automated selector & tag tests; captured visual proofs; bumped cache buster to v=5.65."
"REV-063","2026-09-14","HonTech QA & Capstone Team","All Roles (Admin, Owner, SA, Assistant)","TV Monitor Navigation Flow Correction: Action Hub Modal Popup vs Section Replacement","Fix TV Monitor UI flow so clicking TV Monitor in top navigation or sidebar opens the TV Monitor Display Hub modal (#modal-tv-broadcast-hub) directly over the active dashboard/module instead of ejecting user and replacing main content with section-tv; preserve active module state; add returnToDashboardFromTV button in section-tv header; add In-App Preview launcher in HDMI tab; bumped script cache version to v=5.66.","Done","a33917d","prototype_process","Antigravity QA","Replaced showSection('tv') with openTVBroadcastHubModal() in buildNavbar across all 4 roles; defined returnToDashboardFromTV and launchTVMode in app.js; added Back to Dashboard button in section-tv header; added In-App Slides preview button in modal-tv-broadcast-hub; verified with 100% test pass and DevTools screenshots; bumped cache buster to v=5.66."
"REV-064","2026-09-14","HonTech QA & Capstone Team","All Roles (Owner, Admin, SA, Assistant)","Pixel-Perfect Alignment of External HDMI & Live TV Monitor (tv.html) with Original In-App Design","Aligned external/HDMI TV monitor (frontend/tv.html) to be a 100% pixel-perfect match to original in-app #section-tv TV monitor based on client screenshot: unified top header strip (Service Monitor • Marikina Main Branch, uppercase live date, weather widget, 24h clock, 3 switcher dots, Audio & Fullscreen buttons, TV Dev Tools); replaced disparate slide markup with exact original 3-slide layout (#tv-slide-1 Bays, #tv-slide-2 Queue & Release, #tv-slide-3 Lanes); ported high-contrast automotive card rendering engines from app.js; added slide URL parameter support (?slide=0/1/2); verified with DevTools screenshots across all 3 slides; bumped script cache version to v=5.67.","Done","c53835b","prototype_process","Antigravity QA","Overhauled #screen-active-tv in frontend/tv.html with exact HTML structure from section-tv; updated renderTVDisplay in tv.html to render waiting list (tv-all-upcoming-list), release list (tv-all-released-list), carry-over grid (tv-all-carryover-list), bays (tv-grs-list), and lanes (tv-express-lane-list, etc.); verified with 100% visual match to client screenshot; bumped cache buster to v=5.67."
"REV-065","2026-09-15","HonTech QA & Capstone Team","Service Advisor, Assistant, Owner, Admin","Offline-First Interactive 2025 Excel Workbook Engine & 10-Sheet Prototype","Overhauled Form 1/3 Studio into an authentic Offline-First Interactive Excel Workbook Engine mapped 1:1 to Polished_2025 BLANK RO UPDATED.xlsx across all 10 official sheets (Job_Order, Quotation_No, Billing_No, CheckList_Result, Cash_Advance, OEF, LIQUIDATION_REPORT, (Broken)DISBURSEMENT, (Broken)Daily Cash Flow, Acknowledgement); added SheetJS (xlsx.full.min.js) vendor integration for 100% offline binary parsing and XLSX compilation; added Save Draft (localStorage), Reset to Blank Template, and Export Official .xlsx controls; cross-sheet formula evaluation for live auto-fill; bumped cache buster to v=2.20.","Done","HEAD","prototype_process","Antigravity QA","Embedded SheetJS vendor; mapped all 10 sheets to official template; implemented saveWorkbookDraftOffline, resetWorkbookToTemplate, exportOfficialXLSX, importOfficialXLSX, and authentic Google Sheets bottom tab bar; verified 100% offline execution."
"REV-066","2026-09-15","HonTech QA & Capstone Team","Service Advisor, Assistant, Owner, Admin","Multi-Sheet Direct Cell & Line-Item Export Population for Quotation, Billing & Checklist","Resolved cross-sheet formula evaluation and missing cell data upon opening exported .xlsx files in desktop Excel; updated exportOfficialXLSX to directly inject customer, vehicle, dates, pricing, and line-item rows into sheet1.xml (Job_Order), sheet2.xml (Quotation_No), sheet3.xml (Billing_No), and sheet4.xml (CheckList_Result) using inlineStr and numeric value nodes; ensured all 10 sheets preserve 100% colors, borders, and layouts; bumped cache buster to v=2.21.","Done","HEAD","prototype_process","Antigravity QA","Updated JSZip XML injectors to populate cell coordinates across sheet1 to sheet4 (Job Order, Quotation, Billing, Checklist); verified all customer names, emails, plate numbers, totals, and line items appear immediately when opening in Excel."
"REV-067","2026-09-15","HonTech QA & Capstone Team","Service Advisor, Assistant, Owner, Admin","Quotation_No (Sheet 2) Interactive Excel Studio & Sidebar Rebranding","Rebranded sidebar and navbar items from 'Form 1/3 Studio' to '2025 RO Excel Studio' with file-spreadsheet icon; implemented dedicated interactive Quotation Studio for Quotation_No (Sheet 2) with real-time two-way synchronization with Job Order (customer, plate, model, email, contact, color), dynamic line-item CRUD editor for parts/labor/scope, package presets (PMS 10K, Brake Overhaul, Aircon, Underchassis), live 1:1 spreadsheet canvas preview matching sheet2.xml, and multi-sheet tab switching; bumped cache buster to v=2.22.","Done","HEAD","prototype_process","Antigravity QA","Implemented switchFormStudioSheet, syncJobOrderFieldsToQuote, syncQuoteFieldsToJobOrder, renderForm23Rows, applyQuotePreset, and 1:1 Quotation canvas; verified seamless tab switching and synchronized data flow across sheets."
"REV-068","2026-09-15","HonTech QA & Capstone Team","Service Advisor, Assistant, Owner, Admin","Quotation_No 1:1 Physical Document Paper & Multi-Row Spreadsheet Canvas","Overhauled Quotation_No live canvas preview into a pixel-accurate 1:1 physical Excel/PDF paper sheet document matching sheet2.xml (Form 2/3); features authentic HonTech header banner, Marikina address/tel, boxed customer & vehicle dossier, 16-30 numbered grid lines with real spreadsheet borders, parts and labor subtotal rows, 15-day warranty & terms clauses, and Service Advisor signature block; bumped cache buster to v=2.23.","Done","HEAD","prototype_process","Antigravity QA","Transformed quotation preview from simple web card into 1:1 official physical document paper sheet layout matching Polished_2025 BLANK RO UPDATED.xlsx sheet2; verified live typing synchronization with line-item rows, totals, and export."
"REV-069","2026-09-16","HonTech QA & Capstone Team","Service Advisor, Assistant, Owner, Admin","Daily Intakes 3-Table Responsive Layout & Column Width Fix","Fixed horizontal screen overlap and column clipping across all 3 queue and daily intakes tables (Booking Module, Daily Intakes Master Table, and Carry Over Table); applied w-full max-w-full overflow-hidden container constraints with custom horizontal scroll wrappers; streamlined table cell padding, compact badge alignment in Model & Category, and refined column minimum widths to keep all elements within viewport boundaries without horizontal bleeding; bumped cache buster to v=2.24.","Done","HEAD","prototype_process","Antigravity QA","Restructured container-online-queue, container-daily-intakes, and container-carry-over with w-full max-w-full overflow-hidden; compacted Model & Category, Evaluation, and Status cells; verified no layout overflow occurs across screen sizes."
"REV-070","2026-09-16","HonTech QA & Capstone Team","Service Advisor, Assistant, Owner, Admin","App Shell & Flexbox Layout Containment for 3 Daily Intakes Tables","Eliminated right-screen horizontal viewport overflow and card blowout caused by flex child min-width auto expansion; enforced strict min-w-0, max-w-full, and overflow-x-hidden on #app-shell, #app-main-wrapper, #main-content, and #section-queue; bounded all 3 table cards to 100% viewport width with dedicated internal horizontal scrollbars; bumped cache buster to v=2.25.","Done","HEAD","prototype_process","Antigravity QA","Injected CSS containment rules into index.html head; verified #app-main-wrapper and #main-content cannot expand past viewport boundary, keeping all 3 cards and right borders completely on-screen."
"REV-071","2026-09-17","HonTech QA & Capstone Team","Developer, QA & All Roles","Terminal Dev Tooling & Automated Test Suites (Frontend, Backend, Security)","Configured npm.cmd run dev to launch PHP built-in router server on port 8000; created automated 27-assertion test runner (npm.cmd test) covering frontend logic, backend PHP syntax/DB connectivity, and security/RBAC barriers; established mandatory 6-Stage AI closed-loop workflow with whole-system regression protection, self-debugging, and 1:1 GitHub commit traceability in .agents/AGENTS.md, .agents/skills, and Git_and_GitHub_Guide.md.","Done","5cb96c9","prototype_process","Antigravity QA","Configured package.json scripts (dev, test, test:frontend, test:backend, test:security); created tests/ test harness passing 27/27 assertions in under 4 seconds; appended CLI-01, CLI-02, SEC-01, SEC-02 to HONTECH_QA_TEST_CHECKLIST.csv; updated .agents/AGENTS.md and StartupOperation.md."
"REV-072","2026-09-17","HonTech QA & Capstone Team","Service Advisor (Strict SA-Only)","2025 RO Excel Studio Streamlining to 4 Core SA Sheets & Non-SA Tabs Purge","Major architectural revision on 2025 RO Interactive Excel Workbook Studio: purged 6 non-SA tabs (Cash_Advance, OEF, LIQUIDATION_REPORT, (Broken)DISBURSEMENT, (Broken)Daily Cash Flow, Acknowledgement) including mock stores, logic, and buttons; preserved and polished 4 essential Service Advisor worksheets (Job_Order, Quotation_No, Billing_No, CheckList_Result); enforced strict SA-only RBAC access control (locking out Owner, Admin, Assistant); engineered live reactive two-way binding pipeline across all 4 worksheets with physical document canvas previews; upgraded 1:1 .xlsx export via JSZip to inject into sheets 1-4 while hiding sheets 5-10; expanded test suite to 30 passing assertions; bumped cache buster to v=2.30.","Done","b0ac25c","prototype_process","Antigravity QA","Purged 6 non-SA tabs from HTML tab strip; implemented Billing_No and CheckList_Result interactive studios; wired reactive cross-sheet synchronization; updated exportOfficialXLSX with sheet4 fields and hidden non-SA sheets; passed 30/30 automated tests."
"REV-073","2026-09-17","HonTech QA & Capstone Team","Service Advisor & All Roles","TV Monitor Natural Trigger, Top 4-Tab Bar, Reactive Auto-Fill & Current_2025 Template Sync","Restored modal-tv-broadcast-hub with wireless Smart TV and HDMI display modes; positioned sticky top tab bar at head of 2025 RO Excel Studio with strictly 4 SA sheets (Job_Order, Quotation_No, Billing_No, CheckList_Result) featuring Google Sheets carets and blue active theme; engineered live keystroke auto-fill from Job Order to all other sheets eliminating manual copy-pasting; migrated export template from Polished_2025 (deleted) to Current_2025 BLANK RO UPDATED.xlsx auto-injecting into sheets 1 to 7; expanded automated test suite to 33 passing assertions; bumped cache buster to v=2.31.","Done","c8ba45f","prototype_process","Antigravity QA","Restored TV hub modal; added top 4-tab bar; wired reactive keystroke auto-sync; replaced base64 with Current_2025; passed 33/33 automated assertions."
"REV-074","2026-09-17","HonTech QA & Capstone Team","Service Advisor & All Roles","Official PDF Format Preview Sidebars & Purge Keystroke HTML Canvas Overhead","Upgraded 2025 RO Excel Studio preview sidebars across all 4 worksheets with high-fidelity embedded PDF format viewers using newly provided official assets (Job_Order: form13_template.pdf, Quotation_No: Current_2025 BLANK RO UPDATED.xlsx - Quotation_No.pdf, Billing_No: Current_2025 BLANK RO UPDATED.xlsx - Billing_No.pdf, CheckList_Result: Current_2025 BLANK RO UPDATED.xlsx - CheckList_Result.pdf) equipped with Full PDF, Download PDF, and Export .xlsx actions; completely purged simulated keystroke HTML canvas sheets and hundreds of span tags to eliminate typing lag while preserving instant input field cross-synchronization and localStorage offline draft saving; reordered worksheet DOM architecture sequentially; expanded test suite to 36 passing assertions; bumped cache buster to v=2.32.","Done","131cbb5","prototype_process","Antigravity QA","Replaced keystroke HTML canvases with official embedded PDF viewers in Job Order, Quotation, Billing, and Checklist; streamlined onReactiveJobOrderInput; added Suite 7 tests passing 36/36 assertions."
"REV-075","2026-09-17","HonTech QA & Capstone Team","Service Advisor & All Roles","Dynamic PDF Stamping Across All SA Worksheets & Open-Minded Inquiry Mandate","Implemented dynamic live PDF compiling and stamping via PDFLib across Quotation, Billing, and Checklist matching Job Order; eliminated clashing red headers, irregular fonts, and destructive whiteout blocks on Job Order in favor of standard 8pt laser-printed charcoal ink (rgb(0.08,0.08,0.08)); codified Open-Minded Collaborative Inquiry Mandate permanently into .agents/AGENTS.md and agent-workflow SKILL.md requiring deep inquiry formulation during planning; expanded test suite to 39 passing assertions; bumped cache buster to v=2.34.","Done","d84017a","prototype_process","Antigravity QA","Implemented compileQuotePDFBytes, compileBillingPDFBytes, compileChecklistPDFBytes; harmonized dark ink styling; codified inquiry mandate; passed 39/39 automated assertions."
"REV-076","2026-09-17","HonTech QA & Capstone Team","Service Advisor & All Roles","Complete Lossless Excel Data Injection into Official Template Across All Worksheets","Engineered memory-cached binary buffer loader for Current_2025 BLANK RO UPDATED.xlsx eliminating missing base64 dependencies; mapped exact cell coordinates for Job_Order customer dossier (C10-K13), Diagnostic findings (B27-B52), Parts (D27-G52), and Materials (H27-K52); injected Quotation line items across sheets 2-4, Billing statement across sheets 5-6, and 15-point inspection findings into sheet 7; expanded test suite to 42 passing assertions; bumped cache buster to v=2.35.","Done","0c21565","prototype_process","Antigravity QA","Implemented getOfficialXlsxTemplateBuffer; mapped 7-sheet XML injection via JSZip; added Suite 9 tests passing 42/42 automated assertions."
"REV-077","2026-09-17","HonTech QA & Capstone Team","Service Advisor & All Roles","Quotation Scope Safety, ReferenceError Elimination & Legacy Handler Purge","Resolved Uncaught ReferenceError on removeForm23Row by safely binding legacy aliases (removeForm23Row -> removeForm23ItemRow, addForm23Row -> addForm23ItemRow, calculateForm23Totals -> calcForm23Totals, applyForm23Preset -> applyQuotePreset); purged obsolete duplicate prototype studio block from lines 14607-14910 that was overwriting the active 2025 syncForm23Canvas; verified clean script execution without syntax or scope errors; added Suite 10 tests expanding automated assertions to 44/44 passing; bumped cache buster to v=2.36.","Done","d215211","prototype_process","Antigravity QA","Eliminated scope ReferenceError; purged dead legacy code; verified VM execution without runtime errors; passed 44/44 automated assertions across 19 suites."
"REV-078","2026-09-17","HonTech QA & Capstone Team","Service Advisor & All Roles","OpenXML SpreadsheetML Namespace Compliance & LibreOffice Display Fix","Resolved issue where injected data appeared blank in LibreOffice Calc and Excel due to empty xmlns attributes on inlineStr tags; enforced document.createElementNS with official SpreadsheetML namespace (http://schemas.openxmlformats.org/spreadsheetml/2006/main) on all cell, row, and value tags; purged rogue empty xmlns attributes via regex on serialization; added fullCalcOnLoad to workbook.xml to ensure formulas (e.g. D23 customer signature formula =C10) recalculate automatically on file open; expanded test suite to 45 passing assertions; bumped cache buster to v=2.37.","Done","23868fc","prototype_process","Antigravity QA","Enforced SML_NS on createElementNS; serialized clean XML without empty xmlns; set fullCalcOnLoad; verified in browser; passed 45/45 automated assertions across 19 suites."
"REV-079","2026-09-17","HonTech QA & Capstone Team","All Roles & Developers","Technical Documentation Organization & 7 Numbered Subdirectories","Reorganized all 40+ flat files in Hontech Documentation/Technical into 7 numbered operational subdirectories (01_Staff_Foundations_and_Operations, 02_Architecture_and_Engineering, 03_Quality_Assurance_and_Testing, 04_Deployment_and_Infrastructure, 05_Client_Proposals_and_Defense, 06_Project_Logs_and_Checkpoints, 07_Career_and_Portfolio); overhauled root README.md into an executive navigation directory; updated AGENTS.md directives and implementation plan; verified 100% test pass rate (45/45 assertions).","Done","010fe2f","prototype_process","Antigravity QA","Structured 7 numbered folders; moved 41 files; updated README.md and AGENTS.md; verified 45/45 automated assertions passing."
"REV-080","2026-09-17","HonTech QA & Capstone Team","Service Advisor & All Roles","1-Button Studio RO Registration, Warranty Back-Job Sync & Intake Streamlining","Unified vehicle intake and repair order creation into single action button [💾 Register Repair Order to System] in 2025 RO Excel Studio; migrated MySQL schema and JobController with 10 core fields, engine_no, and back-job attributes; upgraded Customer Lookup with engine number search and returning customer/back-job studio loading; retired redundant walk-in intake form from SA navigation; expanded automated test suite to 50 passing assertions across 20 suites; bumped cache buster to v=2.39.","Done","802d667","prototype_process","Antigravity QA","Implemented registerStudioROToSystem, loadCustomerIntoStudioForms, and f13-backjob-banner; updated migration.php and JobController; retired Walk-In Form from SA nav; added Suite 11 tests passing 50/50 assertions."
"REV-081","2026-09-17","HonTech QA & Capstone Team","Service Advisor & Assistant","Authentic HonTech Form 1/3 Customer Details 3-Column Layout & Dossier Actions","Redesigned Customer Lookup (#section-lookup) to match the official HonTech Form 1/3 physical document and 2025 Excel template header block; added top contact line (85644550/71219124/09458757441/09525065084-VIBER), gray #C0C0C0 CUSTOMER DETAILS banner, and 12 underlined fields across 3 columns; extracted email and chassis_no in buildCustomerLookupRegistry; defensively populated all 12 fields in selectCustomerForLookup; added copyCustomerDossier and attached command action toolbar; expanded automated tests to 54 passing assertions across 21 suites; bumped cache buster to v=2.40.","Done","b37e8aa","prototype_process","Antigravity QA","Transformed generic lookup cards into authentic 3-column physical document layout; bound 12 fields; wired copyCustomerDossier; added Suite 12 tests (AUT-FRONT-36-39); 54/54 automated assertions passing."
"REV-082","2026-09-18","HonTech QA & Capstone Team","Service Advisor & All Roles","Daily Intakes 3-Table Alignment, Spacing Rhythm, Command Deck & Carry-Over Overflow Fix","Standardized #section-queue layout to flex flex-col gap-5 eliminating conflicting margin collisions; unified 3 table card headers with branded color-coded accents and badges (Booking Module: Blue, Daily Intakes: Red, Carry-Over: Amber); merged fragmented filter panels into a single 2-tier command deck; aligned table columns and standardized table header typography (bg-slate-50/95 text-[10px] font-black uppercase); resolved Carry-Over horizontal overflow and button truncation (RETURN AC...) on laptop screens with compact Action buttons, 2-line date stack, and trimmed status select; passed 57/57 automated assertions across 22 test suites; bumped cache buster to v=2.41.","Done","e58e1da","prototype_process","Antigravity QA","Standardized 3 queue tables layout and spacing; merged command deck; resolved carry-over overflow; passed 57/57 tests."
"REV-083","2026-09-18","HonTech QA & Capstone Team","Service Advisor & All Roles","Daily Intakes (Queue Monitoring)","Convert Model & Category badge layout from horizontal wrapping form to a vertical stacked column form (1: Advisor/My Job, 2: Category/GRS, 3: Lane/Special)","Done","28a3dfd","prototype_process","Antigravity QA","Refactored Model & Category badge container in renderJobRows to flex flex-col items-start gap-1 mt-1; badges now strictly stack vertically in 3 rows: 1. Advisor badge (My Job / [Advisor] Take Over / Take Job / Unassigned), 2. Category badge & selector (PMS / GRS / OTHERS), 3. Lane badge & selector (Flexible / Special / Express); added Suite 14 test AUT-FRONT-43; 58/58 tests passing; cache buster v=2.42."
"REV-084","2026-09-18","HonTech QA & Capstone Team","Service Advisor & All Roles","Daily Intakes & Queue Tables","Expand compressed table rows and cells with generous py-3.5 padding, min-w-[240px] Model & Category column, p-5 card padding, and max-h-[620px] viewport","Done","16e95fe","prototype_process","Antigravity QA","Expanded table cell padding from py-2 to py-3.5 across Daily Intakes and Carry-Over; widened Model & Category column to min-w-[240px] with gap-1.5 between stacked badges; increased Evaluation to min-w-[210px], Status/Location to min-w-[145px]; card padding p-5; added Suite 15 AUT-FRONT-44; passed 59/59 tests; cache buster v=2.43."
"REV-085","2026-09-18","HonTech QA & Capstone Team","Service Advisor & All Roles","Daily Intakes & Queue Tables","Enlarge compressed table values: vehicle titles to text-sm font-extrabold, badges and selectors to text-xs with px-2.5 py-1, plate/claim stub to px-2.5 py-1, and headers to text-xs","Done","cbce94e","prototype_process","Antigravity QA","Scaled table values from cramped 9px/9.5px/10px to prominent text-xs/text-sm; vehicle models to text-sm font-extrabold; badges to text-xs with px-2.5 py-1; status & location to text-xs px-2.5 py-1.5; headers to text-xs font-black; added Suite 16 AUT-FRONT-45; passed 60/60 tests; cache buster v=2.44."
"REV-086","2026-09-18","HonTech QA & Capstone Team","Service Advisor & All Roles","Daily Intakes & Queue Tables","Eliminate 100% edge-to-edge flush layout; apply 24px viewport gutters, sleek 6px custom scrollbars, and segmented sub-tab module switcher","Done","65ae749","prototype_process","Antigravity QA","Added 1.5rem (24px) padding to #main-content preventing cards from touching window/sidebar edges; added sleek 6px custom scrollbars replacing bulky Windows defaults; implemented Queue View Module Switcher deck (tabs: Daily Intakes, Booking Module, Carry-Over Data, View All) resolving vertical 3-table squashing; added Suite 17 AUT-FRONT-46; passed 61/61 tests; cache buster v=2.45."
"REV-087","2026-09-18","HonTech QA & Capstone Team","Service Advisor & All Roles","Daily Intakes & Queue Tables","Restore unified 3-table stack without sub-tabs; eliminate scrollbar overlap with min-h-[180px], pb-2 clearance, roomy py-12 empty states, and 24px-32px gutters","Done","bba2e46","prototype_process","Antigravity QA","Restored unified 3-table layout; removed switcher buttons; added min-height: 180px and padding-bottom: 6px on all scroll wrappers preventing scrollbar text overlay; added py-12 empty states with icons; enforced 24px-32px viewport gutters; passed 61/61 tests; cache buster v=2.46."
"REV-088","2026-09-18","HonTech QA & Capstone Team","Service Advisor & All Roles","Daily Intakes & Queue Tables","Enterprise data table layout: eliminate inner vertical scrollbox traps (max-h/overflow-y-auto); natural 100% readable height; smooth horizontal responsiveness; py-14 roomy empty states","Done","6b8d0a9","prototype_process","Antigravity QA","Eliminated inner vertical clipping and max-h constraints; tables expand naturally at 100% readable height; smooth horizontal responsiveness with 6px scrollbars; py-14 empty states with icons; passed 61/61 tests; cache buster v=2.47."
"REV-089","2026-09-18","HonTech QA & Capstone Team","Service Advisor & All Roles","Master Queue & Layout Structure","Fix premature closing div in section-form13, restore section-queue parentage inside main-content/app-main-wrapper, eliminate dual scroll (outer spillover vs inner table scroll), and enforce 24px-32px gutters","Done","55923c2","prototype_process","Antigravity QA","Removed redundant closing </div> tags after section-form13 that ejected section-queue out of main-content into app-shell flex row causing dual scrolling and 0px gutters; set app-main-wrapper to w-full max-w-full; restored proper DOM nesting inside main-content with 24px gutters; added Suite 18 AUT-FRONT-47; passed 62/62 tests; cache buster v=2.48."
"REV-090","2026-09-18","HonTech QA & Capstone Team","Service Advisor & All Roles","Daily Intakes & Queue Tables","Increase distance between Unified Command & Filter Deck and Table to 24px (space-y-6), expand row spacing with generous py-5 cell padding, widen Model & Category to min-w-[280px], widen SA badge to max-w-[160px] to prevent truncation, and scale table headers to py-4.5","Done","b0eaa17","prototype_process","Antigravity QA","Separated filter deck controls from daily intake table with space-y-6 (24px) and mt-2 elevation; expanded all table rows to py-5 across Daily Intakes, Carry-Over, and Booking Module; widened Model & Category column to min-w-[280px] with mb-2 car title spacing and gap-2 badge stack; expanded SA name max-width to 160px eliminating truncation; added Suite 19 AUT-FRONT-48; passed 63/63 tests; cache buster v=2.49."
"REV-091","2026-09-18","HonTech QA & Capstone Team","Service Advisor & All Roles","Daily Intakes, Booking Module & Carry-Over","Multi-Table Design Harmonization & Inner Viewport Scroll Limits: add max-h inner scroll containers (Daily Intakes 500px, Booking/Carry-Over 480px), roomy py-5 rows and px-3 py-1.5 badge harmonization","Done","8505fb0","prototype_process","Antigravity QA","Harmonized row heights (py-5) and badge pills (px-3 py-1.5) across Booking and Carry-Over tables; bounded inner scroll to max-h-500px/480px; added Suite 20 tests (AUT-FRONT-49); 64/64 tests passing; cache buster v=2.50."
"REV-092","2026-09-18","HonTech QA & Capstone Team","Service Advisor & All Roles","Carry-Over Queue & Table","Carry-Over Table Revisions: remove Claim Stub column to recover horizontal width and prevent Action button truncation; rename Status to Remarks; implement Google-style hybrid combobox for free-form text input or quick standard preset selection; update empty state colspan to 9","Done","cfe3183","prototype_process","Antigravity QA","Removed Claim Stub column recovering ~115px horizontal space; eliminated action button truncation; renamed Status to Remarks; implemented hybrid combobox with quick standard presets (Awaiting Parts, For Customer Approval, Machine Shop, etc.) and free typing; added Suite 21 tests (AUT-FRONT-50, 51, 52); 67/67 tests passing; cache buster v=2.51."
"REV-093","2026-09-18","HonTech QA & Capstone Team","Service Advisor & All Roles","Daily Intakes, Smart TV, Audio Engine & Dashboard","Status Upgrade to Processing, Relaxing Lounge Female Voice Engine, 3-Tone Chime & Universal Broadcast Toast Plaque","Done","7bd9138","prototype_process","Antigravity QA","Migrated status from Monitoring to Processing across Daily Intakes row dropdowns, location locks, and Smart TV monitor; added isProcessingStatus helper for backward compatibility with legacy DB records; tuned soothing natural female voice engine (pitch: 1.05, rate: 0.88) with Chrome GC protection; created default 3-tone lounge chime theme with browser autoplay interaction unlock; implemented Universal Broadcast Alert Toast (#universal-broadcast-alert-toast) across all views; passed 71/71 tests; bumped cache buster v=2.52."
"REV-094","2026-09-18","HonTech QA & Capstone Team","Service Advisor & All Roles","Daily Intakes, Central DB & Smart TV","Zero-Typing Automatic Departure Clock Stamping upon Actual Release & Same-Day Re-open Exception Safeguard","Done","812963f","prototype_process","Antigravity QA","Replaced manual departure text inputs and preset dropdowns in Daily Intakes with non-editable display-only mono badges; clicking [Release] captures system clock, persists departure and date_completed to MySQL, vacates workshop bay, and triggers soothing lounge voice announcement; retains released vehicles in today's intake queue with locked status and allows SA to click [Re-open] to clear departure and return to active Processing; passed 75/75 tests; bumped cache buster v=2.53."
"REV-095","2026-09-18","HonTech QA & Capstone Team","Service Advisor & All Roles","Daily Intakes & Customer Lookup","Natural Alphanumeric Claim Stub Sorting & Interactive Customer Lookup Dossier Quick-Link with Live Status Badge","Done","1b181fe","prototype_process","Antigravity QA","Implemented naturalStubSort using numeric collation preventing multi-digit ASCII disorder (052226j1 < 052226j2 < 052226j10); replaced redundant printer button with openCustomerLookupForStub interactive badge; added #dossier-live-status-badge to Customer Lookup displaying real-time workshop floor status (Onsite Bay vs Serviced/Released); added Suite 24 tests (AUT-FRONT-61 to 64); 79/79 tests passing; cache buster v=2.54."
"REV-096","2026-09-18","HonTech QA & Capstone Team","Service Advisor, Owner & Admin","Daily Intakes & Executive Analytics","Express 2-Hour SLA Overrun Incident Trigger & Simple Tabular Owner/Admin Audit Hub","Done","a819b2d","prototype_process","Antigravity QA","Enabled SLA column for Service Advisors (showGoal includes isSA); dynamically computes elapsed turnaround duration against job.arrival; renders interactive trigger [⚠️ 2h Exceeded — File Report] for overrun services; opens #modal-express-delay-report to capture reason category and verbatim notes; persists to /api/express-issues and job_audit_logs; flips cell to calm reported pill; preserved simple, graph-free tabular audit view in #db-tab-express with search, filters, and CSV/print export; passed 83/83 tests across 34 suites; cache buster v=2.55."
"REV-097","2026-09-19","HonTech QA & Capstone Team","Service Advisor & TV Display","Daily Intakes, Smart TV & Audio Engine","Dual-Mode TV Monitoring Audio-Visual Announcements on Status and Location Transitions & Silent SA Dashboard","Done","73737a2","prototype_process","Antigravity QA","Upgraded Standalone TV Kiosk (tv.html) and In-App TV Monitor (#section-tv) to broadcast chime, female voice TTS, and color-coded alert plaques on location/bay changes and status updates; locked speech engine permanently to a single female voice persona; enforced silent SA dashboard with top visual toast only; added Suite 26 tests (AUT-FRONT-69 to 72); passed 87/87 tests; cache buster v=2.56."
"REV-098","2026-09-20","HonTech QA & Capstone Team","Service Advisor, Assistant & All Roles","2025 RO Studio, Staff Directory, Lookup & Intake","Excel Auto-Locking, Authentic Staff Roster, Modernized Lookup UI & Assistant Destination Switcher","Done","f08598d","prototype_process","Antigravity QA","Injected OpenXML sheetProtection across all exported worksheets (Job_Order, Quotation, Billing, CheckList) in exportOfficialXLSX to automatically lock exported Excel files against accidental cell tampering; synchronized authentic HonTech employee directory in backend/seed.php and frontend fallbacks while preserving test names as commented references; modernized Customer Lookup dossier card by removing heavy borders and underscore placeholders in favor of sleek cards and legible text; added Assistant destination table switcher (Booking Module vs. Daily Intakes) and target branch selector in intake form; added Suite 27 automated tests (AUT-FRONT-73 to 75); 90/90 tests passing; cache buster v=2.57."
"REV-099","2026-09-20","HonTech QA & Capstone Team","All Roles & Development","Repository Structure & Tooling","Clean repository restructuring and technology segregation: move batch scripts and tunnel.js into scripts/, archive legacy prototypes and external docs into archive/, delete root 55MB cloudflared.exe binary, and update package.json","Done","ac88c1e","prototype_process","Antigravity QA","Restructured project root; moved start_lan_server.bat, backup_database.bat, and tunnel.js into scripts/; updated package.json tunnel script; moved frontend/OthersPrototype into archive/legacy_prototypes/; moved PSYCHOLOGICAL_GAMES_MASTER_PLAN.md into archive/; deleted duplicate 55MB cloudflared.exe from root; added Suite 28 automated tests (AUT-FRONT-76); 91/91 tests passing."
"REV-100","2026-09-20","HonTech QA & Capstone Team","Service Advisor & Assistant","Customer Lookup Dossier","Authentic 2025 Repair Order (Form 1/3) CUSTOMER DETAILS Tabular Layout: solid black outer frame, gray header bar (#c0c0c0), exact 3-column matrix with aligned colons and document underline lines","Done","84304cc","prototype_process","Antigravity QA","Overhauled Customer Lookup dossier card to match the official 2025 RO Form 1/3 printed format; implemented solid black 2px outer border, bg-[#c0c0c0] header bar with uppercase bold CUSTOMER DETAILS title, and 3-column field matrix (Name Address Contact E-Mail | Year/Model KM Engine Chassis | Plate Intake Promise Color) with aligned colons and underline borders; refined empty field fallbacks in app.js; added Suite 29 tests (AUT-FRONT-77); 92/92 tests passing; cache buster v=2.58."
"REV-101","2026-09-20","HonTech QA & Capstone Team","Assistant & Service Advisor","Online Booking Module & Form 1/3 Studio","Multi-Branch Online Booking Module Selection, Row Branch Reassignment & 1-Click Form 1/3 Import","Done","85cc3b8","prototype_process","Antigravity QA","Added segmented branch filter toolbar (All Branches, Marikina Main, East Branch) in #container-online-queue; added Branch column to Booking Module table with color-coded badges (blue/purple) and row-level branch switcher; added [📝 Load to RO] 1-click action button enabling SA to import customer dossier, vehicle, and concern directly into Form 1/3 Studio; updated JobRepository.php and JobController.php to support multi-branch queries and cross-branch online booking management; added Suite 30 tests (AUT-FRONT-78); 93/93 tests passing; cache buster v=2.59."
"REV-102","2026-09-20","HonTech QA & Capstone Team","Service Advisor & All Roles","2025 RO Studio & Daily Intakes Monitoring","Workshop Monitoring & Daily Intakes Dispatch Card with Auto-Prefilled Claim Stub, Clock-In Time & 1-Button Registration","Done","ce2c426","prototype_process","Antigravity QA","Added #f13-monitoring-dispatch-card to the top of Form 1/3 Studio featuring Claim Stub ID, Intake Source, Target Branch, Lane Classification, Workshop Bay, Parts Stock Status, Arrival Time, Floor Status, and Carry-Over Flag; implemented auto-prefill generators for sequential claim stub (generateNextStudioClaimStub) and arrival clock (getStudioCurrentClockTime); updated registerStudioROToSystem to bundle all 14 monitoring parameters into API payload; synchronized resetForm13Studio; added Suite 31 tests (AUT-FRONT-79); passed 94/94 tests; cache buster v=2.60."
"REV-103","2026-09-20","HonTech QA & Capstone Team","Service Advisor & All Roles","2025 RO Studio Workshop Monitoring","Professional White Aesthetic Redesign of Workshop Monitoring & Daily Intakes Dispatch Card","Done","c7be680","prototype_process","Antigravity QA","Redesigned #f13-monitoring-dispatch-card at the top of Form 1/3 Studio into a clean, professional, white card aesthetic matching the Online Booking Form design; replaced dark-red-to-dark-blue gradient header and heavy slate borders with clean white background, subtle light-gray borders (border-gray-200), red icon badge (bg-red-50 text-red-600), emerald auto-prefilled pulse badge, and unembellished input/select elements without noisy emojis; preserved all 9 DOM element IDs and auto-prefill logic; verified full suite with 94/94 passing tests."
"REV-104","2026-09-20","HonTech QA & Capstone Team","Service Advisor & All Roles","2025 RO Studio Workshop Monitoring","Step 1 Workshop Monitoring First Workflow, Daily Claim Stub Ranking & Integrated Registration Button","Done","cacd5c9","prototype_process","Antigravity QA","Moved Workshop Monitoring card to Card #1 at the head of Form 1/3 Studio; integrated prominent full-width red [Register Repair Order to System] button directly inside the monitoring card; upgraded generateNextStudioClaimStub and backend JobController to enforce daily J-sequence ranking starting at 092026-J1 and incrementing to J2, J3 upon successive intakes; added Suite 32 tests (AUT-FRONT-80); passed 95/95 tests."
"REV-105","2026-09-20","HonTech QA & Capstone Team","All Roles (Assistant & Service Advisor)","Main Content Sections & Studio Architecture","Form 1/3 Studio Closing Div Balance & Universal Module Visibility Restored","Done","eb28e7d","prototype_process","Antigravity QA","Fixed unclosed div defect in #section-form13 that trapped 7 downstream top-level modules (#section-intake, #section-queue, #section-bays, #section-tv, etc.) inside form13 causing them to inherit display:none and appear blank when switching views; restored id=table-daily-intakes in app.js; added Suite 33 tests (AUT-FRONT-82); passed all 96/96 tests; cache buster v=2.61."
"REV-106","2026-09-20","HonTech QA & Capstone Team","Service Advisor & All Roles","2025 RO Studio & Claim Stub Format","Form 1/3 Studio Right-Side PDF Preview Restoration & Hyphen-Free Daily Claim Stub Ranking","Done","46bb295","prototype_process","Antigravity QA","Restored side-by-side 2-column layout in Form 1/3 Studio by closing #form13-editor-pane before #form13-canvas-pane, resolving blank right side and rendering official Form 1/3 PDF iframe; updated claim stub generation in app.js and JobController.php to produce MMDDYYJ1 without hyphen (092026J1); polished Arrival Time label whitespace wrapping; added Suite 34 tests (AUT-FRONT-83); passed 97/97 tests; cache buster v=2.62."
"REV-107","2026-09-20","HonTech QA & Capstone Team","Service Advisor & All Roles","2025 RO Studio Excel Export","Excel Export Schema-Compliant Multi-Layer Tamper-Proof Locking, Password Protection & Structure Guard","Done","72f1c0f","prototype_process","Antigravity QA","Resolved OpenXML schema ordering violation by placing sheetProtection strictly before mergeCells; injected cryptographic password hash DB3E (HonTech2025) and restricted format/insert/delete permissions while preserving selectLockedCells=1 for viewing; injected fileSharing readOnlyRecommended=1 and workbookProtection lockStructure=1 into workbook.xml; added Suite 35 tests (AUT-FRONT-84); 98/98 tests passing; cache buster v=2.63."
"REV-108","2026-09-20","HonTech QA & Capstone Team","Service Advisor & All Roles","2025 RO Studio Alignment & Responsiveness","Studio Layout Alignment, Label Baseline Harmonization & Edge 100% Zoom Responsiveness","Done","a7fb09f","prototype_process","Antigravity QA","Standardized 3-column input matrix in Workshop Monitoring card with uniform h-5 label containers; removed whitespace-nowrap from Arrival Time label preventing column collision with Initial Floor Status; added responsive text spans to top action bar buttons for 100% Edge zoom display protection; added Suite 36 tests (AUT-FRONT-85); 99/99 tests passing; cache buster v=2.64."
"REV-109","2026-09-20","HonTech QA & Capstone Team","Service Advisor & All Roles","2025 RO Studio Unified Professional Redesign","Unified 7/5 Column Ergonomic Split, 2-Column Monitoring Grid & Floating Bottom Bar Removal","Done","6a12606","prototype_process","Antigravity QA","Upgraded grid layout across all 4 worksheets to an ergonomic 7/5 split (~650px editor / ~450px PDF); reorganized Workshop Monitoring card into 2-column grid ensuring full option visibility without text clipping; permanently removed redundant sticky bottom sheet bar; added top bar preview toggle (toggleStudioPDFPreview); added Suite 37 tests (AUT-FRONT-86); 100/100 tests passing; cache buster v=2.65."
"REV-110","2026-09-20","HonTech QA & Capstone Team","Service Advisor & All Roles","2025 RO Studio Action Consolidation","Form 1/3 Floating Sticky Bar Removal & Header Action Consolidation","Done","08366f2","prototype_process","Antigravity QA","Permanently removed redundant floating sticky bottom-14 action toolbar in Form 1/3 editor; placed Print Form 1/3 directly in top tab bar and PDF preview header; wired Reset Form into Form 1/3 header card; added Suite 38 tests (AUT-FRONT-87); 101/101 tests passing; cache buster v=2.66."
"REV-111","2026-09-20","HonTech QA & Capstone Team","Service Advisor & All Roles","Form 1/3 Live PDF Typing Sync & Multi-Sheet Excel Injection","Live 350ms Debounced Typing-to-PDF Rendering & Full 7-Sheet Excel Data Injection","Done","e7edd7f","prototype_process","Antigravity QA","Implemented scheduleForm13PDFRefresh with 350ms keystroke debounce and instant blur/change re-rendering live PDF preview on the right; updated compileForm13PDFBytes to pull live claim stub ID; upgraded exportOfficialXLSX to inject full system data across all 7 sheets (Job_Order parts/mats totals, signatures, claim stub; Quotation subtotals; Billing line items; Checklist 15 points); added Suite 39 tests (AUT-FRONT-88); 102/102 tests passing; cache buster v=2.67."
"REV-112","2026-09-20","HonTech QA & Capstone Team","Service Advisor & All Roles","2025 RO Studio Excel Export Ground Truth","Precise Excel Cell Coordinates, Signature Alignment & Multi-Column Pricing Export Across All 7 Sheets","Done","e1dd8a8","prototype_process","Antigravity QA","Mapped exact OpenXML cell coordinates from template inspection: Row 53 Mechanic (C53) and Assessor (I53); Row 58 SA (C58) and Chief Mechanic (H58); Row 61 Customer Conforme (C61) and GM Concurred by (H61); Rows 70-72 Claim Stub Customer (C70), Vehicle (I70), SA (C71), Date (C72), ID (I72); re-architected Quotation and Billing items across Columns A, C, D (FRT), E (Labor), F (Parts), G (Materials), H (Amount) preventing zeroed prices; relocated Checklist date to M5 preserving L5 label; added Suite 40 tests (AUT-FRONT-89); 103/103 tests passing; cache buster v=2.68."
"REV-113","2026-09-20","HonTech QA & Capstone Team","Service Advisor & All Roles","2025 RO Studio Quotation & Billing Export Mirroring","Multi-Sheet Quotation 1-3 & Billing 1-2 Line Item Mirroring, Coordinate Alignment & Zero-Price Fix","Done","TBD","prototype_process","Antigravity QA","Auto-mirrored active unified line items across Quotation 1-3 (sheets 2-4, rows 15-44) and Billing 1-2 (sheets 5-6, rows 17-52); purged static dummy initializers; aligned Quotation signatures to row 62/65 and Billing to row 60; preserved native template SUM formulas in H45:H49; added Suite 41 tests (AUT-FRONT-90); 104/104 tests passing; cache buster v=2.69."
"REV-114","2026-09-21","HonTech QA & Capstone Team","Service Advisor & All Roles","2025 RO Studio Live Multi-Sheet PDF Sync & Exact Coordinates","Live Studio Cross-Sheet Typing PDF Sync, Green Live Sync Badges, Exact PDF Coordinates & 7-Sheet XLSX Export","Done","ed43c75","prototype_process","Antigravity QA","Implemented instant reactive cascading from Job Order to Quotation and Billing with confirmed 0.00 labor default; rendered live updates across all 4 worksheets with debounced scheduleFormStudioPdfRefresh (350ms) and green live sync badges in preview headers; aligned exact PDF coordinates and plain text signatures across Quotation (A62 SA, F62 GM, A65 Customer) and Billing (A60 SA, C14 Amount Banner); natural multi-sheet Excel injection across all 7 sheets with OpenXML tamper protection; added Suite 42 tests (AUT-FRONT-91); 105/105 tests passing; cache buster v=2.70."
"REV-115","2026-09-21","HonTech QA & Capstone Team","Service Advisor & All Roles","2025 RO Studio Multi-Sheet XLSX Export","Multi-Sheet XLSX Export Personnel Scoping Fix: Hoist Manager, Mechanic, and Assessor out of Sheet 1 Block Scope","Done","99ffb1a","prototype_process","Antigravity QA","Resolved runtime ReferenceError: manager is not defined when exporting official .xlsx by hoisting manager, mechanic, and assessor to top outer scope of exportOfficialXLSX alongside sa; preserved default fallbacks and multi-sheet injection into Job_Order and Quotation copy sheets; added Suite 43 tests (AUT-FRONT-92); 106/106 tests passing; cache buster v=2.71."
"REV-116","2026-09-21","HonTech QA & Capstone Team","Service Advisor & All Roles","2025 RO Studio Follow-Along Sticky PDF Preview","SA Studio Follow-Along Sticky PDF Preview & Viewport Height Across All 4 Sheets (Job_Order, Quotation, Billing, Checklist)","Done","4ea5975","prototype_process","Antigravity QA","Upgraded canvas panes across all 4 worksheets with xl:sticky xl:top-14 xl:self-start enabling seamless follow-along scrolling as SA navigates lengthy form inputs; upgraded PDF viewer containers to adaptive h-[calc(100vh-8.5rem)] min-h-[580px] preventing viewport clipping; added Suite 44 tests (AUT-FRONT-93); 107/107 tests passing; cache buster v=2.72."
"REV-117","2026-09-21","HonTech QA & Capstone Team","Service Advisor & All Roles","2025 RO Studio Typography & Formatting Ground Truth","SA Studio PDF Typography & Non-Bold Formatting Alignment with Excel Template (Arial 9-10pt bold=False, Grand Total Emphasized)","Done","fe13344","prototype_process","Antigravity QA","Aligned PDF text sizes and non-bold weights with ground-truth Excel template across all 4 worksheets (Job_Order, Quotation_No, Billing_No, CheckList_Result); rendered customer dossier, vehicle data, item prices, subtotals, and personnel signatures in clean regular non-bold font matching Excel template cells; preserved bold emphasis on Grand Totals and Row 14 banner for audit clarity; added Suite 45 tests (AUT-FRONT-94); 108/108 tests passing; cache buster v=2.73."
"REV-118","2026-09-21","HonTech QA & Capstone Team","Service Advisor & All Roles","2025 RO Studio V1 Excel Template Migration","Migration to Current_2025 BLANK RO UPDATED_V1.xlsx as Official Export Template with Dynamic Sheet 7 Formula Preservation","Done","80e8f49","prototype_process","Antigravity QA","Migrated official Excel export loader to Current_2025 BLANK RO UPDATED_V1.xlsx; aligned Sheet 7 (CheckList_Result) coordinate injection with V1 layout (C2 Customer Name, AD2 Date, C3 Plate No, C4 Model, M59 SA, M63 Conforme, M41 Remarks); preserved native OpenXML formulas linking to Job_Order cells with cached values; preserved multi-layer OpenXML sheet protection (DB3E) and full calculation on load; added Suite 46 tests (AUT-FRONT-95); 109/109 tests passing; cache buster v=2.74."
"REV-119","2026-09-21","HonTech QA & Capstone Team","Service Advisor & All Roles","2025 RO Studio Receiving Checklist Color Status Stamping","Multi-Point Receiving Checklist Color Status Stamping & Studio Controls (Green/Yellow/Red Stamping, Fuel Gauge, C63 Technician)","Done","26f3c93","prototype_process","Antigravity QA","Implemented multi-point inspection checkmark ✓ stamping in exportOfficialXLSX targeting exact color cells in Sheet 7 (CheckList_Result) of Current_2025 BLANK RO UPDATED_V1.xlsx; mapped 15 checkpoints to Green (#2FB044), Yellow (#FFED00), and Red (#EE1C25) columns across fluids, electrical, cabin filter, tires, brakes, suspension, and exhaust; stamped fuel level in Row 4 (✓ [Level]); injected SA technician name into C63 and comments into B53; added [✓ All Good] and [Reset] studio batch buttons; added Suite 47 tests (AUT-FRONT-96); 110/110 tests passing; cache buster v=2.75."
"REV-120","2026-09-21","HonTech QA & Capstone Team","Service Advisor & All Roles","2025 RO Studio Receiving Checklist Completeness & Stamping","Receiving Checklist Completeness: Stamping for Interior Light, Hydraulic Clutch, Drive Shaft, and Brakes Not Inspected Toggle","Done","2a245b4","prototype_process","Antigravity QA","Expanded vehicle receiving inspection points to explicitly register and color-stamp interior_light (Row 11: I11/J11/K11), hydraulic_clutch (Row 44: I44/J44/K44), drive_shaft (Row 50: I50/J50/K50), parking_brake (Row 16), horn_op (Row 18), clutch_op (Row 20), air_filter (Row 40), and fluid_leaks (Row 49); added interactive #chk-brakes-not-inspected toggle marking brakes as N/A and stamping [✓] Brakes not inspected on this visit into Sheet 7 cell M37; added Suite 48 tests (AUT-FRONT-97); 111/111 tests passing; cache buster v=2.76."
"REV-121","2026-09-21","HonTech QA & Capstone Team","Service Advisor & All Roles","2025 RO Studio Quotation & Billing Engine Polish","Quotation_No & Billing_No Dynamic PDF Compilers & Interactive Form Alignment","Done","b4caac3","prototype_process","Antigravity QA","Resolved fatal drawTextCenter ReferenceError in compileQuotePDFBytes and compileBillingPDFBytes; implemented localized whiteout masking over template 0.00 placeholders; updated Billing PDF to exact measured coordinates (startY 585.1, rowStep 11.58, subtotals 168.1, 156.5, 144.9, 131.3, 119.6, banner 619.8); fixed renderBillingRows table body lookup to bill-items-table-body; aligned thead to 6 columns; upgraded calcBillingTotals to update summary cards; added Suite 49 tests (AUT-FRONT-98); 112/112 tests passing; cache buster v=2.77."
"REV-122","2026-09-21","HonTech QA & Capstone Team","Service Advisor & All Roles","2025 RO Studio Adaptive Auto-Magnifier","Senior Service Advisor Adaptive Auto-Magnifier, Section Gliding, Loupe HUD & Studio Zoom Controls","Done","bf38349","prototype_process","Antigravity QA","Implemented Senior SA Adaptive Auto-Magnifier & Glide Engine in 2025 RO Studio; mapped STUDIO_MAGNIFIER_ZONES across Customer Details, Concerns/Diagnostics, Signatures, and Claim Stub; typing in any field smoothly glides and scales preview (185% zoom) directly over corresponding document area with 0ms Loupe HUD updates; added [Auto-Magnify ON/OFF] toggle and [Fit / 185% / 225%] presets; added Suite 50 tests (AUT-FRONT-99); 113/113 tests passing; cache buster v=2.78."
"REV-123","2026-09-21","HonTech QA & Capstone Team","Service Advisor & All Roles","Senior SA 5s Timed Magnifier & Stutter-Free Refresh","Senior Service Advisor 5-Second Timed Auto-Magnifier Rule & Stutter-Free Debounced Refresh","Done","da9f7cf","prototype_process","Antigravity QA","Implemented studioMagnifier5sResetTimer applying 5000ms auto-reset countdown on active keystrokes across all 4 worksheets; view smoothly glides back to 100% Fit after 5 seconds of inactivity; eliminated PDF iframe reload stutter and loading spinner flashing during active typing via effectiveDelay debounce in scheduleFormStudioPdfRefresh; preserved immediate flush on blur/change; updated Suite 50 tests (AUT-FRONT-99); 113/113 tests passing; cache buster v=2.79."
"REV-124","2026-09-21","HonTech QA & Capstone Team","Service Advisor & All Roles","Pure Follow-Along Auto-Magnifier & Clean Document Sync","Pure Follow-Along Auto-Magnifier, Suppressed Loupe HUD & Seamless Document Typing Sync","Done","68940eb","prototype_process","Antigravity QA","Permanently suppressed floating black Loupe HUD badge across all 4 sheet views keeping preview 100% clean and unobstructed; decommissioned 5-second auto-reset timer rule so preview stably follows and stays locked on active document section while typing; restored responsive 350ms debounced PDF recompilation with immediate flush on blur/change so user sees typed text directly on the document without delay; updated Suite 50 tests (AUT-FRONT-99); 113/113 tests passing; cache buster v=2.80."
"REV-125","2026-09-21","HonTech QA & Capstone Team","Service Advisor & All Roles","100% Crisp Vector Resolution & Blurriness-Free Typing Sync","100% Crisp Vector Resolution Preview & Blurriness-Free Real-Time Typing Sync","Done","66d78fc","prototype_process","Antigravity QA","Eliminated CSS transform blurriness by defaulting Auto-Magnify to OFF across all 4 worksheets so preview stays at 100% sharp native vector resolution (scale 1.0) without GPU texture stretching or jumping; live typing seamlessly recompiles onto full document in real time; updated Suite 50 tests (AUT-FRONT-99); 113/113 tests passing; cache buster v=2.81."
"REV-126","2026-09-21","HonTech QA & Capstone Team","Service Advisor & All Roles","Solution A High-Definition Field Inspector Loupe HUD & Zero-Blur Vector Resolution","High-Definition Field Inspector Loupe HUD & 100% Crisp Native Vector Resolution Preview","Done","f3071d5","prototype_process","Antigravity QA","Implemented Solution A: transformed magnifying glass into dedicated High-Definition Field Inspector Loupe HUD with 0ms keystroke feedback in gold monospace typography; eliminated blurry CSS transform scale stretching by permanently keeping PDF iframes at 100% native vector resolution (scale 1.0); added dismiss button and responsive cross-sheet sync; updated Suite 50 tests (AUT-FRONT-99); 113/113 tests passing; cache buster v=2.82."
"REV-127","2026-09-21","HonTech QA & Capstone Team","Service Advisor & All Roles","Senior SA Follow-Along Auto-Magnify & Natural Glide-Back","Senior SA Follow-Along Document Auto-Magnify with Natural Glide-Back & Crisp Vector Resolution","Done","8f929c1","prototype_process","Antigravity QA","Implemented direct document follow-along auto-zoom tailored for senior non-techy users; permanently suppressed floating Loupe HUD cards to keep document view unobstructed; typing smoothly zooms and centers directly on target document section with crisp anti-aliased vector rendering (scale 1.55, image-rendering: -webkit-optimize-contrast); inserted text appears live directly on authentic PDF document; added studioMagnifierNaturalResetTimer smoothly gliding back to 100% Fit view after 3.5s of typing inactivity or upon field blur; added Suite 51 tests (AUT-FRONT-100); 114/114 tests passing; cache buster v=2.83."
"REV-128","2026-09-21","HonTech QA & Capstone Team","Service Advisor & All Roles","Option 1 High-Definition Super-Sampling Crisp Zoom","Option 1 High-Definition Super-Sampling (200% Layout & 0.5 Base Downsample) for Senior SA Studio with Razor-Sharp Crisp Zoom","Done","8a9c238","prototype_process","Antigravity QA","Implemented Option 1 High-Definition Super-Sampling: wrapped all 4 PDF preview iframes in dedicated overflow-hidden viewport containers with 200% width/height (~950px+ layout); default view scales down by 0.5 to fit container with retina sharpness; follow-along auto-zoom scales up to 0.88 remaining within native 1.0 vector resolution to completely eliminate GPU texture stretching and blurriness; natural 3.5s inactivity glide-back returns smoothly to 0.5 fit view; updated Suite 52 tests (AUT-FRONT-101); 115/115 tests passing; cache buster v=2.84."
"REV-129","2026-09-21","HonTech QA & Capstone Team","Service Advisor & All Roles","Full-Form Camera Centering Auto-Magnifier","Full-Form Dynamic Follow-Along Auto-Magnifier with Mathematical Camera Centering Across Middle Tables, Signatures and Bottom Claim Stub","Done","880168b","prototype_process","Antigravity QA","Implemented mathematical camera centering engine (translate(X, Y) scale(0.88)) in 2025 RO Studio; solved document clipping and off-screen zoom on bottom sections; expanded STUDIO_MAGNIFIER_ZONES across all 4 worksheets (Job Order, Quotation, Billing, Checklist); added getStudioZoneForElement with dynamic table delegation (f13-parts-table-body, f13-materials-table-body, f23-quote-items-tbody, bill-items-table-body) and granular checklist categories; preserved 3.5s natural glide-back to 0.5 fit view; added Suite 53 tests (AUT-FRONT-102); 116/116 tests passing; cache buster v=2.85."
"REV-130","2026-09-21","HonTech QA & Capstone Team","Service Advisor & All Roles","Hardcoded Section Lock & 1-Click Quick-Lock Pills","Hardcoded Section-Lock Navigation, Permanent Document Lock & 1-Click Quick-Lock Navigation Pills in 2025 RO Studio","Done","c33418c","prototype_process","Antigravity QA","Implemented permanent document section lock decommissioned premature 3.5s and 1.2s auto-reset timers so viewer stays locked indefinitely while typing/reading; implemented STUDIO_HARDCODED_SECTIONS and lockStudioSection with calibrated vertical ratios (0.00 Customer, 0.25 Scope, 0.50 Parts Table, 0.72 Totals, 0.85 Signatures, 1.00 Claim Stub); added 1-click Quick Lock navigation pills ([Fit] [Customer] [Scope] [Parts Table] [Signatures] [Claim Stub]) across all 4 sheet viewers; added Suite 54 tests (AUT-FRONT-103); 117/117 tests passing; cache buster v=2.86."
"REV-131","2026-09-22","HonTech QA & Capstone Team","Service Advisor & All Roles","HD Vector PDF Templates & Senior SA Auto-Magnifier Active Engine","High-Definition Vector PDF Templates & Senior SA Auto-Magnifier Overhaul with Default-ON State and Direct ID Section Mapping","Done","e1bd399","prototype_process","Antigravity QA","Replaced low-res 622px bitmap scanned PDF templates with 300+ DPI vector PDFs exported directly from Current_2025 BLANK RO UPDATED_V1.xlsx; defaulted isStudioAutoMagnifyEnabled to true (ON by default) so typing immediately magnifies without manual toggling; enhanced mapElementToSectionKey for robust table row and checklist tracking; synchronized updateStudioAutoMagnifyUI on studio init; added Suite 55 tests (AUT-FRONT-104); 118/118 tests passing; cache buster v=2.87."
"REV-132","2026-09-22","HonTech QA & Capstone Team","Assistant Staff","Assistant Online Booking Form","Assistant Online Booking Form Field Alignment & Multi-Day Test Data Seeder","Done","3daa601","prototype_process","Antigravity QA","Fixed inconsistent input heights across Destination Table Target Branch appointment time lane type and Confirmed Booking fields in the assistant Online Booking Form; kept destination toggle buttons a consistent size across state changes instead of reflowing; added backend/seed_test_days.php seeding 26 realistic jobs across 09/20-09/22 (walk-ins online bookings carry-overs completions) scoped to job_id LIKE TST-% for safe re-run/cleanup; synced AST-61 into HONTECH_QA_TEST_CHECKLIST.csv; cache buster v=2.88."
"REV-133","2026-09-22","HonTech QA & Capstone Team","All Roles","Authentication & Account Recovery","Password-Reset Account-Takeover Fix & Developer Route Lockdown","Done","00e408a","prototype_process","Antigravity QA","Closed a critical account-takeover hole where forgot/reset-password returned the reset token and OTP directly in the API response and allowed reset with the OTP alone with no email binding; neither endpoint previously worked at all (called removed repository methods); rewrote PasswordResetController to email-only single-use 15-minute-expiry codes hashed with HMAC-SHA256 and bound to the account email verified via hash_equals with 5-attempt lockout and 60s resend cooldown; added SecurityUtils::generateNumericCode/hashOneTimeCode/validatePasswordStrength; added reset_otp/reset_token_expires_at/reset_attempts columns to database.sql and migration.php; gated /api/auth/developer/* to development-only environment in index.php; added 6-test regression suite tests/security/recovery_and_secrets.test.js (all passing); synced SEC-62 and SEC-63 into HONTECH_QA_TEST_CHECKLIST.csv; full suite 124/124 tests passing."
"REV-134","2026-09-22","HonTech QA & Capstone Team","Owner/Admin","Security Documentation & Secrets Hygiene","Security Implementation Status Tracker & Leaked SMTP Secret Redaction","Done","f367f56","prototype_process","Antigravity QA","Added HONTECH_SECURITY_IMPLEMENTATION_STATUS_AND_NEXT_STEPS.md as a ground-truth tracker (implemented/partial/planned) for account recovery Google Sign-In MFA sessions and secrets hygiene kept in sync with the code rather than describing target design only; linked it from HONTECH_SECURITY_AND_ACCOUNT_RECOVERY_MASTER.md with a drift warning; annotated the stage-gate roadmap and Vercel/Supabase README with current phase status noting the cloud repo has not been created yet; redacted a real Gmail SMTP app password committed in plaintext across 4 files under google auth_september/ (introduced in a1641b8) replacing it with a placeholder - value still present in git history and must be revoked at myaccount.google.com/apppasswords."
"REV-135","2026-09-22","HonTech QA & Capstone Team","Service Advisor, Assistant","Auto-Magnifier Camera-Lock Overhaul & Master Queue Branch-Lock","Fix 2025 RO Studio Auto-Magnifier only targeting top-left of document instead of whole page; lock Master Queue booking branch and restrict SLA delay reporting to SA/Owner/Admin","Done","4a2cf22","prototype_process","Antigravity QA","Replaced broken 200%-oversized-iframe + 0.5-downscale super-sampling trick (caused PDFium to render pages as tiny letterboxed thumbnails) with normal-sized iframes and real CSS zoom multipliers; added applyStudioAspectFit (sizes iframe box to real PDF page aspect ratio via pdf-lib before each load) and reapplyStudioLockAfterReload (re-applies camera lock once async reload's load event fires); fixed Master Queue table to treat booking branch as fixed once set by Assistant (removed per-row branch-reassignment dropdown, now read-only badge); restricted SLA delay-report filing to SA/Owner/Admin (Assistant no longer eligible); simplified Assistant Online Booking Form by hiding Destination Table toggle; updated AUT-FRONT-65/78/100-103; 103/103 tests passing; cache buster v=2.89."
"REV-136","2026-09-22","HonTech QA & Capstone Team","Service Advisor","PDF Auto-Magnifier Typing Freeze Fix","Fix zoomed PDF preview snapping back to normal size and staying there while typing into a job-order field","Done","4e45274","prototype_process","Antigravity QA","Root cause: live-preview feature fully reloaded the PDF iframe on every ~350-600ms typing pause, and reloading a PDF always resets the browser's built-in viewer to default zoom before JS can re-lock it; onReactiveJobOrderInput and the Quotation/Billing/Checklist field input handlers no longer trigger a PDF reload on the input event (only on change/blur); added focusout-based refresh for delegated Parts/Materials/Checklist table-row containers; verified live by typing a full sentence character-by-character and sampling the iframe zoom transform 9 times, confirming it never reverted to scale(1); updated AUT-FRONT-99; 103/103 tests passing; cache buster v=2.90."
"REV-137","2026-09-22","HonTech QA & Capstone Team","Service Advisor","Job Order PDF Field & Signature Alignment Fixes","Fix misaligned PDF fields matching user screenshots: Customer Details block one row too high, doubled/overlapping Amount and signature text","Done","e96b1a3","prototype_process","Antigravity QA","Shifted the 4-row Customer Details block down by one row (723.3->715.2, 715.2->707.1, 707.1->698.9, added missing 5th row at 690.8) so each value lands on its own label's line instead of the next field's; added whiteOut rectangles before Parts/Materials Amount totals (template pre-prints a 0.00 placeholder that peeked out from under real totals) and before Diagnosed-by/Assessed-by/Concurred-by signature draws (template pre-prints role labels that doubled with default values); removed erroneous hardcoded 'Chief, Auto Mechanic' duplicate draw with no backing field; diagnosed via direct PDF content-stream extraction (pdf-lib Tm/Tj operators) after discovering an earlier verification pass used a cached pre-fix app.js; updated AUT-FRONT-94; 103/103 tests passing; cache buster v=2.91."
"REV-138","2026-09-22","HonTech QA & Capstone Team","Service Advisor","Full-PDF Enlarge Modal Views for Quotation, Billing & Checklist","Fix all 4 sheet 'Full PDF' buttons linking to the static blank template PDF instead of the user's live-filled document","Done","6b398d0","prototype_process","Antigravity QA","Replaced the 4 static template <a href target=_blank> links with buttons calling new/existing openXEnlargeModal() functions; added 3 new fullscreen modals (Quotation, Billing, Checklist) mirroring the pre-existing Job Order one, each regenerating the PDF first so the enlarged view always reflects the latest typed data; generalized the ESC-to-close handler across all 4 modals; discovered and removed an accidental full duplicate of ~150 lines of modal HTML with clashing ids (modal-f13-enlarge, modal-edit-reason-prompt, modal-job-audit-history each appeared twice) found while working in that region; verified live that all 4 modals load real blob: PDFs and every id now appears exactly once in the DOM; 103/103 tests passing; cache buster v=2.92."
"REV-139","2026-09-22","HonTech QA & Capstone Team","Owner/Admin/SA/Assistant","Branch-Scoped Data Isolation, Per-Branch Workshop Bay Settings & Role-Gated Module Access","Major RBAC revision: Admin data/actions scoped strictly to own branch (Owner unrestricted), Owner given zero functionality in Workshop Bay module, Admin sets per-branch bay ceiling with SA clamped to it, Customer Lookup restricted to SA only, TV Monitor restricted to SA/Assistant only","Done","d73493c","prototype_process","Antigravity QA","JobRepository::getFilteredJobs Admin now unconditionally filtered to own branch (no query override); removed admin from branch-ownership exemption on all 3 job-mutation endpoints in JobController; added new branch_bay_settings DB table + BayRepository + BayController + 3 routes (GET /api/bays/settings, POST .../limit admin-only, POST .../active sa-only), replacing global-only localStorage bay ceiling with real per-branch server setting, Owner rejected 403 on every bay endpoint; removed Workshop Bays/TV Monitor from Owner nav, Customer Lookup/TV Monitor from Admin nav, Customer Lookup from Assistant nav; added showSection guards for bays/lookup and role guard in openTVBroadcastHubModal; fixed pre-existing bug where currentUserBranch was declared but never reassigned on any of the 4 login paths; verified live via curl (branch-isolated job counts, 403s on cross-branch mutation and owner bay access, independent per-branch bay ceilings) and headless-browser nav checks across all 4 roles; 124/124 tests passing; cache buster v=2.93."
"REV-140","2026-09-22","HonTech QA & Capstone Team","Service Advisor & All Roles","2025 RO Studio Maximized PDF View, Live Full PDF In New Tab & Decommission Section Lock Bars","2025 RO Studio Maximized PDF View, Live Full PDF In New Tab & Decommission Section Lock Bars across all 4 worksheets","Done","2f8f2ce","prototype_process","Antigravity QA","Addressed 3 explicit user-requested enhancements: 1) removed section-lock quick-lock navigation pill strips across all 4 sheets to eliminate clutter and maximize vertical viewing space; 2) implemented toggleStudioMaximizedPDF with dedicated action buttons in sticky top tab bar and canvas toolbars collapsing left form editor and expanding PDF canvas to full 12 columns with high vertical clearance; 3) implemented openActivePDFInNewTab generating fresh in-memory live PDF blobs with filled form data opened directly in new tab with native browser zoom/print; added New Tab buttons to all 4 fullscreen modals; added AUT-FRONT-105; 124/124 tests passing; synced SA-16 into QA checklist; cache buster v=2.94."
"REV-141","2026-09-22","HonTech QA & Capstone Team","Service Advisor & All Roles","Decommission Auto-Magnifier & Typing Camera Locks for Steady PDF Preview","Decommission Auto-Magnifier & Typing Camera Locks for Steady PDF Preview across all 4 worksheets","Done","816a4ca","prototype_process","Antigravity QA","Decommissioned complex auto-magnifier and typing camera locks across all 4 worksheets in 2025 RO Studio: removed auto-magnify button and manual zoom presets from preview toolbar; removed focus and input magnification listeners; disarmed camera panning and letterbox transform calculations; enforced steady 100% aspect-fit viewport without jitter or letterbox voids; updated Suite 49 tests; 124/124 tests passing; synced SA-17 into QA checklist; cache buster v=2.95."
"REV-142","2026-09-23","HonTech QA & Capstone Team","Assistant Staff & Service Advisor","Online Booking Module & 2025 RO Studio Handover","Assistant branch dispatch, SA branch-isolated online module with clean top-right branch badge (no emojis/blinking), and 1-click 2025 RO Studio handover","Done","9a7ca22","prototype_process","Claude Code & Automated Test Suite","Assistant Online Booking Form dispatches to the selected Target Branch Booking Module (toast: registered to <Branch> Booking Module; view jumps to that branch); SA gets Online Bookings nav (header + sidebar, focused view of #container-online-queue); SA Booking Module hard-locked to own branch client-side and server-side (JobRepository withholds other branches' pending Online bookings from SAs; JobController SA cross-branch Online write exemption removed, alias-aware isSameBranch guard); Branch table column removed; static text-only top-right badge '<Branch> · Online Queue' (no emoji, no pulse); SA rows get Load to RO Studio which prefills Form 1/3 (incl. Job No = booking id); Register Repair Order converts the booking in place via fromBookingId (same job_id, status Waiting, claim stub issued) so it leaves the pending list with no duplicate; fixed Booking Module rows showing 'Online Inquirer' instead of customer name/contact; 138/138 tests passing + live API E2E (8/8); QA AST-62, SA-18, SA-19; cache buster v=2.96."
"REV-143","2026-09-24","HonTech QA & Capstone Team","Service Advisor","Clean SA Sidebar & Consolidated Daily Intakes Online Module","Remove Online Bookings button from SA left sidebar and top navbar, consolidating online module view directly into Daily Intakes with branch isolation and 1-click RO Studio handover","Done","d2224ef","prototype_process","Antigravity QA","Streamlined Service Advisor navigation to strictly 5 operational tools (2025 RO Excel Studio, Daily Intakes, Customer Lookup, Bay Status, TV Monitor); removed showSection('online-bookings') from SA header and left sidebar; SA visits Daily Intakes to view both the branch-isolated Online Booking Module at the head and active workshop jobs below; updated tests/frontend/app.test.js (AUT-FRONT-108, AUT-FRONT-112, AUT-FRONT-113); synced SA-20 into HONTECH_QA_TEST_CHECKLIST.csv; 139/139 automated tests passing; cache buster v=2.97."
"REV-144","2026-09-24","HonTech QA & Capstone Team","All Roles","Official System Title Branding on Login Page & Document Title","Update login page marketing hero and document title to 'Web-Based Operations and Real-Time Queue Management System' with cache buster bump","Done","f2f2723","prototype_process","Antigravity QA","Updated login hero header (h1) and document title (<title>) in frontend/index.html to the official system title 'Web-Based Operations and Real-Time Queue Management System'; preserved dark-mode styling, uppercase typography, drop shadows, and styled red accent on Management System; bumped cache buster to v=2.98; added test AUT-FRONT-114 in tests/frontend/app.test.js; synchronized cache buster checks in tests/frontend/sla_and_logic.test.js; 140/140 automated tests passing; synced AUTH-30 into HONTECH_QA_TEST_CHECKLIST.csv."
"REV-145","2026-09-24","HonTech QA & Capstone Team","Service Advisor & All Roles","2025 RO Excel Studio PDF Document Formatting, Typography & Precise Coordinate Alignment","Eliminate horizontal line piercing, text-column collisions, and font mismatches across Job Order, Quotation, Billing, and Checklist PDFs with exact template coordinate calibration, 6.5pt regular typography, bold Plate/Job identifiers, and auto-shrink sizing","Done","9bacb7b","prototype_process","Antigravity QA","Calibrated PDF text injection coordinates across all 4 worksheets in 2025 RO Studio: Job No centered on underline (Y=781.5), Date centered in box (Y=758.2), Customer Details row step 7.78pt with +1.3pt baseline clearance preventing horizontal line slicing, middle column clamped to 62pt to prevent collision with Plate No, Concern Box padded (X=94, Y=652), bold Plate No and Job/Quote/Billing No, auto-shrink down to 5.2pt; updated AUT-FRONT-94/AUT-FRONT-23 and added AUT-FRONT-106; 141/141 automated tests passing; synced SA-21 into QA checklist; cache buster v=2.98."
"REV-147","2026-09-24","HonTech QA & Capstone Team","Service Advisor & All Roles","Quotation PDF Ghost Placeholder Masking & Subtotals Alignment Overhaul","Mask pre-printed template '0' and '0.00' ghosts across all 7 Quotation table columns, Customer Details, Meta Header, and Subtotals block without altering grid lines","Done","501e128","prototype_process","Antigravity QA","Overhauled compileQuotePDFBytes in frontend/js/app.js: wiped pre-printed '0' and '0.00' ghosts across all 7 data columns (desc, qty, frt, labor, parts, materials, amount) via targeted insets; suppressed drawing '0.00' on empty rows; expanded Customer Details row whiteouts (X=110..510) and Meta Header (X=420..520) to eliminate stray '0' placeholders; expanded Subtotals and Grand Total whiteout (X=300..475, Y=318..374) to cleanly cover pre-printed '0.00' text; bumped cache buster to v=3.00 in frontend/index.html; updated AUT-FRONT-107 and cache buster test assertions; 142/142 tests passing; synced SA-23 into QA checklist."
"REV-148","2026-09-24","HonTech QA & Capstone Team","Service Advisor & All Roles","2025 RO Excel Studio Unlocked Top Meta Bars & Custom Number Preservation","Unlock Job Order No, Quotation No, and Billing No top meta input fields for free editing and preserve custom identifiers across tab switches, live PDF renders, offline drafts, and Excel export","Done","36b9f3d","prototype_process","Antigravity QA","Removed readonly locks and disabled styling from f13-input-job-no, f23-input-quote-no, and bill-input-billing-no in frontend/index.html; styled with clean bg-white; updated syncJobOrderFieldsToQuote and syncJobOrderFieldsToBilling with autoDerived dataset logic so manual typing is preserved; updated saveWorkbookDraftOffline and loadWorkbookDraftOffline to store and restore custom quote/billing numbers; updated exportOfficialXLSX to read user inputs; bumped cache buster to v=3.01; added AUT-FRONT-115; synced SA-24 into QA checklist; 143/143 tests passing."
"REV-149","2026-09-24","HonTech QA & Capstone Team","Service Advisor & All Roles","Form 1/3 PDF Comprehensive Typography, Grid Calibration & Ghost Elimination","Standardize customer details with unbolded uniform typography, center service concern text, calibrate signatures, eliminate template ghosts, align 7.32pt parts grid, and provide 1-click preset chips","Done","36b9f3d","prototype_process","Antigravity QA","Overhauled compileForm13PDFBytes in frontend/js/app.js: standardized all 12 customer detail fields to uniform unbolded 6.2pt typography; centered customer concern lines horizontally (centerX=298.5) and vertically in box; lowered Interviewed by baseline to Y=549.5 (6.5pt font); masked Authorization '0' ghost and centered customer name (X=300, Y=511.5); lowered Diagnostic text start to Y=466 below header; recalibrated Parts & Materials row step to exact 7.32pt template grid and masked '0.00' ghosts in amount columns; centered all 6 signatures on baselines; masked all 5 Filipino claim stub ghost placeholders ('0', '0', '0', '1/0/1900', '0') and positioned data on true rows; added 1-click fast preset chips in frontend/index.html; bumped cache buster to v=3.02; added AUT-FRONT-116 in tests/frontend/app.test.js; 144/144 tests passing; synced SA-25 into QA checklist."
"REV-150","2026-09-24","HonTech QA & Capstone Team","Service Advisor & All Roles","Form 1/3 PDF Pixel-Perfect Visual Calibration for Concern, Interviewed By, Authorization & Signatures","Eliminate coordinate misalignments: position Customer Concern inside concern box, align Interviewed by above Service Advisor underline, center Customer Name and Signature on Authorization line with ghost '0' masked, align Parts & Materials table to Y=495.5 with 7.32pt pitch, center all 6 signatures, and align Filipino Claim Stub rows","Done","e001ee8","prototype_process","Antigravity QA","Calibrated compileForm13PDFBytes in frontend/js/app.js: placed Customer Concern centered at X=307.5 Y=635.0 inside Y:610..660 box; aligned Interviewed by at X=196.5 Y=583.5 directly over Y=582.0 underline; placed Customer Name and Signature at X=302.5 Y=545.5 over Y=544.0 line with ghost '0' masked at Y=542.6; recalibrated Parts & Materials ROW_Y starting at Y=495.5 with 7.32pt pitch and Amount ghost whiteouts; centered lower signatures at Y=292.0, Y=223.5, and Y=182.5; aligned Filipino Claim stub baselines at Y=99.5, Y=89.5, Y=80.5; bumped cache buster to v=3.03 in frontend/index.html; updated AUT-FRONT-112/116 and AUT-FRONT-94/106; 144/144 tests passing; synced SA-26 into QA checklist."
"REV-151","2026-09-24","HonTech QA & Capstone Team","Service Advisor & All Roles","Form 1/3 PDF Table Grid Integrity, Whiteout Elimination & Signatures Calibration","Eliminate white rectangle voids from table rows, keep black horizontal grid lines 100% intact, calibrate row 0 to Y=497.75 with 7.78pt step, bound totals inside boxes, calibrate Certificate of Completion to Y=220.5, and raise Conforme/Concurred above underline to Y=186.5","Done","84dd33f","prototype_process","Antigravity QA","Calibrated compileForm13PDFBytes in frontend/js/app.js: purged 23-row column whiteout loop so empty rows retain intact horizontal grid lines; masked pre-printed 0.00 only on active rows within cell bounds; shifted row 0 to Y=497.75 with 7.78pt step so items sit cleanly in row 0; bounded Parts Subtotal (Y=317.5), Materials Subtotal (Y=317.5), and Grand Total (Y=309.5) cleanly inside boxes without border clipping; lowered Recommending/Approved signatures to Y=220.5 above Y=219.0 line; raised Conforme/Concurred signatures to Y=186.5 above Y=185.0 line eliminating line cutting through names; bumped cache buster to v=3.04 in frontend/index.html; updated AUT-FRONT-112/116 and AUT-FRONT-94; 144/144 tests passing; synced SA-27 into QA checklist."
"REV-152","2026-09-25","HonTech QA & Capstone Team","Service Advisor & All Roles","Current_2025 BLANK RO UPDATED_v3 Job_Order_Wide Template Migration & Precision Calibration","Migrate Form 1/3 (Job Order) to user-supplied Current_2025 BLANK RO UPDATED_v3.xlsx - Job_Order_Wide template with wide description column, organize assets, remove old template version, calibrate all vector coordinates (header, customer dossier, concern box, interviewed by, authorization, diagnostic, 8.11pt parts/materials grid, subtotals/totals, signatures, and Filipino claim stub) with zero text truncation or white stripe artifacts","Done","25735b5","prototype_process","Antigravity QA","Moved user template from Hontech Documentation to frontend/assets/Current_2025 BLANK RO UPDATED_v3.xlsx - Job_Order_Wide.pdf and updated form13_template.pdf & form13_template_hd.pdf, removing stale file from Documentation; extracted true vector geometry from PDF content stream (595x842pt A4); calibrated compileForm13PDFBytes in frontend/js/app.js: Job No (Y=792.2) and Date (Y=767.0) on underlines; Customer dossier baselines on 8.11pt intervals (Y=723.5, 715.4, 707.3, 699.2); Concern box horizontally centered at X=299.4 with max width 430pt; Interviewed by at Y=583.8; Authorization at Y=542.3; Diagnostic at Y=492; 23-row Parts/Materials table at 8.11pt pitch starting at Y=494.6 with wide description columns; Subtotals & Totals cleanly bounded; Lower signatures and Filipino Claim Stub baselines on true underlines; bumped cache buster to v=3.05; updated tests in tests/frontend/app.test.js & sla_and_logic.test.js (144/144 tests passing); synced SA-28 into QA checklist."



